Gender,Married,Dependents,Education,Self_Employed,ApplicantIncome,CoapplicantIncome,LoanAmount,Loan_Amount_Term,Credit_History,Property_Area,Loan_Status,LoanAmount_log
Male,No,0,Graduate,No,5849,0.0,128.0,360.0,1.0,Urban,Y,4.852030263919617
Male,Yes,1,Graduate,No,4583,1508.0,128.0,360.0,1.0,Rural,N,4.852030263919617
Male,Yes,0,Graduate,Yes,3000,0.0,66.0,360.0,1.0,Urban,Y,4.189654742026425
Male,Yes,0,Not Graduate,No,2583,2358.0,120.0,360.0,1.0,Urban,Y,4.787491742782046
Male,No,0,Graduate,No,6000,0.0,141.0,360.0,1.0,Urban,Y,4.948759890378168
Male,Yes,2,Graduate,Yes,5417,4196.0,267.0,360.0,1.0,Urban,Y,5.58724865840025
Male,Yes,0,Not Graduate,No,2333,1516.0,95.0,360.0,1.0,Urban,Y,4.553876891600541
Male,Yes,3+,Graduate,No,3036,2504.0,158.0,360.0,0.0,Semiurban,N,5.062595033026967
Male,Yes,2,Graduate,No,4006,1526.0,168.0,360.0,1.0,Urban,Y,5.123963979403259
Male,Yes,1,Graduate,No,12841,10968.0,349.0,360.0,1.0,Semiurban,N,5.855071922202427
Male,Yes,2,Graduate,No,3200,700.0,70.0,360.0,1.0,Urban,Y,4.248495242049359
Male,Yes,2,Graduate,No,2500,1840.0,109.0,360.0,1.0,Urban,Y,4.6913478822291435
Male,Yes,2,Graduate,No,3073,8106.0,200.0,360.0,1.0,Urban,Y,5.298317366548036
Male,No,0,Graduate,No,1853,2840.0,114.0,360.0,1.0,Rural,N,4.736198448394496
Male,Yes,2,Graduate,No,1299,1086.0,17.0,120.0,1.0,Urban,Y,2.833213344056216
Male,No,0,Graduate,No,4950,0.0,125.0,360.0,1.0,Urban,Y,4.8283137373023015
Male,No,1,Not Graduate,No,3596,0.0,100.0,240.0,1.0,Urban,Y,4.605170185988092
Female,No,0,Graduate,No,3510,0.0,76.0,360.0,0.0,Urban,N,4.330733340286331
Male,Yes,0,Not Graduate,No,4887,0.0,133.0,360.0,1.0,Rural,N,4.890349128221754
Male,Yes,0,Graduate,No,2600,3500.0,115.0,360.0,1.0,Urban,Y,4.74493212836325
Male,Yes,0,Not Graduate,No,7660,0.0,104.0,360.0,0.0,Urban,N,4.6443908991413725
Male,Yes,1,Graduate,No,5955,5625.0,315.0,360.0,1.0,Urban,Y,5.752572638825633
Male,Yes,0,Not Graduate,No,2600,1911.0,116.0,360.0,0.0,Semiurban,N,4.7535901911063645
Male,Yes,2,Not Graduate,No,3365,1917.0,112.0,360.0,0.0,Rural,N,4.718498871295094
Male,Yes,1,Graduate,No,3717,2925.0,151.0,360.0,1.0,Semiurban,N,5.017279836814924
Male,Yes,0,Graduate,Yes,9560,0.0,191.0,360.0,1.0,Semiurban,Y,5.25227342804663
Male,Yes,0,Graduate,No,2799,2253.0,122.0,360.0,1.0,Semiurban,Y,4.804021044733257
Male,Yes,2,Not Graduate,No,4226,1040.0,110.0,360.0,1.0,Urban,Y,4.700480365792417
Male,No,0,Not Graduate,No,1442,0.0,35.0,360.0,1.0,Urban,N,3.5553480614894135
Female,No,2,Graduate,No,3750,2083.0,120.0,360.0,1.0,Semiurban,Y,4.787491742782046
Male,Yes,1,Graduate,No,4166,3369.0,201.0,360.0,1.0,Urban,N,5.303304908059076
Male,No,0,Graduate,No,3167,0.0,74.0,360.0,1.0,Urban,N,4.30406509320417
Male,No,1,Graduate,Yes,4692,0.0,106.0,360.0,1.0,Rural,N,4.663439094112067
Male,Yes,0,Graduate,No,3500,1667.0,114.0,360.0,1.0,Semiurban,Y,4.736198448394496
Male,No,3+,Graduate,No,12500,3000.0,320.0,360.0,1.0,Rural,N,5.768320995793772
Male,Yes,0,Graduate,No,2275,2067.0,128.0,360.0,1.0,Urban,Y,4.852030263919617
Male,Yes,0,Graduate,No,1828,1330.0,100.0,360.0,0.0,Urban,N,4.605170185988092
Female,Yes,0,Graduate,No,3667,1459.0,144.0,360.0,1.0,Semiurban,Y,4.969813299576001
Male,No,0,Graduate,No,4166,7210.0,184.0,360.0,1.0,Urban,Y,5.214935757608986
Male,No,0,Not Graduate,No,3748,1668.0,110.0,360.0,1.0,Semiurban,Y,4.700480365792417
Male,No,0,Graduate,No,3600,0.0,80.0,360.0,1.0,Urban,N,4.382026634673881
Male,No,0,Graduate,No,1800,1213.0,47.0,360.0,1.0,Urban,Y,3.8501476017100584
Male,Yes,0,Graduate,No,2400,0.0,75.0,360.0,1.0,Urban,Y,4.31748811353631
Male,Yes,0,Graduate,No,3941,2336.0,134.0,360.0,1.0,Semiurban,Y,4.897839799950911
Male,Yes,0,Not Graduate,Yes,4695,0.0,96.0,360.0,1.0,Urban,Y,4.564348191467836
Female,No,0,Graduate,No,3410,0.0,88.0,360.0,1.0,Urban,Y,4.477336814478207
Male,Yes,1,Graduate,No,5649,0.0,44.0,360.0,1.0,Urban,Y,3.784189633918261
Male,Yes,0,Graduate,No,5821,0.0,144.0,360.0,1.0,Urban,Y,4.969813299576001
Female,Yes,0,Graduate,No,2645,3440.0,120.0,360.0,0.0,Urban,N,4.787491742782046
Female,No,0,Graduate,No,4000,2275.0,144.0,360.0,1.0,Semiurban,Y,4.969813299576001
Female,Yes,0,Not Graduate,No,1928,1644.0,100.0,360.0,1.0,Semiurban,Y,4.605170185988092
Female,No,0,Graduate,No,3086,0.0,120.0,360.0,1.0,Semiurban,Y,4.787491742782046
Female,No,0,Graduate,No,4230,0.0,112.0,360.0,1.0,Semiurban,N,4.718498871295094
Male,Yes,2,Graduate,No,4616,0.0,134.0,360.0,1.0,Urban,N,4.897839799950911
Female,Yes,1,Graduate,Yes,11500,0.0,286.0,360.0,0.0,Urban,N,5.655991810819852
Male,Yes,2,Graduate,No,2708,1167.0,97.0,360.0,1.0,Semiurban,Y,4.574710978503383
Male,Yes,0,Graduate,No,2132,1591.0,96.0,360.0,1.0,Semiurban,Y,4.564348191467836
Male,Yes,0,Graduate,No,3366,2200.0,135.0,360.0,1.0,Rural,N,4.90527477843843
Male,Yes,1,Graduate,No,8080,2250.0,180.0,360.0,1.0,Urban,Y,5.19295685089021
Male,Yes,2,Not Graduate,No,3357,2859.0,144.0,360.0,1.0,Urban,Y,4.969813299576001
Male,Yes,0,Graduate,No,2500,3796.0,120.0,360.0,1.0,Urban,Y,4.787491742782046
Male,Yes,3+,Graduate,No,3029,0.0,99.0,360.0,1.0,Urban,Y,4.59511985013459
Male,Yes,0,Not Graduate,Yes,2609,3449.0,165.0,180.0,0.0,Rural,N,5.10594547390058
Male,Yes,1,Graduate,No,4945,0.0,128.0,360.0,0.0,Rural,N,4.852030263919617
Female,No,0,Graduate,No,4166,0.0,116.0,360.0,0.0,Semiurban,N,4.7535901911063645
Male,Yes,0,Graduate,No,5726,4595.0,258.0,360.0,1.0,Semiurban,N,5.552959584921617
Male,No,0,Not Graduate,No,3200,2254.0,126.0,180.0,0.0,Urban,N,4.836281906951478
Male,Yes,1,Graduate,No,10750,0.0,312.0,360.0,1.0,Urban,Y,5.7430031878094825
Male,Yes,3+,Not Graduate,Yes,7100,0.0,125.0,60.0,1.0,Urban,Y,4.8283137373023015
Female,No,0,Graduate,No,4300,0.0,136.0,360.0,0.0,Semiurban,N,4.912654885736052
Male,Yes,0,Graduate,No,3208,3066.0,172.0,360.0,1.0,Urban,Y,5.147494476813453
Male,Yes,2,Not Graduate,Yes,1875,1875.0,97.0,360.0,1.0,Semiurban,Y,4.574710978503383
Male,No,0,Graduate,No,3500,0.0,81.0,300.0,1.0,Semiurban,Y,4.394449154672439
Male,Yes,3+,Not Graduate,No,4755,0.0,95.0,360.0,0.0,Semiurban,N,4.553876891600541
Male,Yes,3+,Graduate,Yes,5266,1774.0,187.0,360.0,1.0,Semiurban,Y,5.231108616854587
Male,No,0,Graduate,No,3750,0.0,113.0,480.0,1.0,Urban,N,4.727387818712341
Male,No,0,Graduate,No,3750,4750.0,176.0,360.0,1.0,Urban,N,5.170483995038151
Male,Yes,1,Graduate,Yes,1000,3022.0,110.0,360.0,1.0,Urban,N,4.700480365792417
Male,Yes,3+,Graduate,No,3167,4000.0,180.0,300.0,0.0,Semiurban,N,5.19295685089021
Male,Yes,3+,Not Graduate,Yes,3333,2166.0,130.0,360.0,1.0,Semiurban,Y,4.867534450455582
Female,No,0,Graduate,No,3846,0.0,111.0,360.0,1.0,Semiurban,Y,4.709530201312334
Male,Yes,1,Graduate,Yes,2395,0.0,128.0,360.0,1.0,Semiurban,Y,4.852030263919617
Female,Yes,2,Graduate,No,1378,1881.0,167.0,360.0,1.0,Urban,N,5.117993812416755
Male,Yes,0,Graduate,No,6000,2250.0,265.0,360.0,1.0,Semiurban,N,5.579729825986222
Male,Yes,1,Graduate,No,3988,0.0,50.0,240.0,1.0,Urban,Y,3.912023005428146
Male,No,0,Graduate,No,2366,2531.0,136.0,360.0,1.0,Semiurban,Y,4.912654885736052
Male,Yes,2,Not Graduate,No,3333,2000.0,99.0,360.0,1.0,Semiurban,Y,4.59511985013459
Male,Yes,0,Graduate,No,2500,2118.0,104.0,360.0,1.0,Semiurban,Y,4.6443908991413725
Male,No,0,Graduate,No,8566,0.0,210.0,360.0,1.0,Urban,Y,5.3471075307174685
Male,Yes,0,Graduate,No,5695,4167.0,175.0,360.0,1.0,Semiurban,Y,5.1647859739235145
Male,Yes,0,Graduate,No,2958,2900.0,131.0,360.0,1.0,Semiurban,Y,4.875197323201151
Male,Yes,2,Graduate,No,6250,5654.0,188.0,180.0,1.0,Semiurban,Y,5.236441962829949
Male,Yes,2,Not Graduate,No,3273,1820.0,81.0,360.0,1.0,Urban,Y,4.394449154672439
Male,No,0,Graduate,No,4133,0.0,122.0,360.0,1.0,Semiurban,Y,4.804021044733257
Male,No,0,Not Graduate,No,3620,0.0,25.0,120.0,1.0,Semiurban,Y,3.2188758248682006
Male,No,0,Graduate,No,6782,0.0,128.0,360.0,1.0,Urban,N,4.852030263919617
Female,Yes,0,Graduate,No,2484,2302.0,137.0,360.0,1.0,Semiurban,Y,4.919980925828125
Male,Yes,0,Graduate,No,1977,997.0,50.0,360.0,1.0,Semiurban,Y,3.912023005428146
Male,Yes,0,Not Graduate,No,4188,0.0,115.0,180.0,1.0,Semiurban,Y,4.74493212836325
Male,Yes,0,Graduate,No,1759,3541.0,131.0,360.0,1.0,Semiurban,Y,4.875197323201151
Male,Yes,2,Not Graduate,No,4288,3263.0,133.0,180.0,1.0,Urban,Y,4.890349128221754
Male,No,0,Graduate,No,4843,3806.0,151.0,360.0,1.0,Semiurban,Y,5.017279836814924
Male,Yes,0,Graduate,No,13650,0.0,128.0,360.0,1.0,Urban,Y,4.852030263919617
Male,Yes,0,Graduate,No,4652,3583.0,128.0,360.0,1.0,Semiurban,Y,4.852030263919617
Male,Yes,0,Graduate,No,3816,754.0,160.0,360.0,1.0,Urban,Y,5.075173815233827
Male,Yes,1,Graduate,No,3052,1030.0,100.0,360.0,1.0,Urban,Y,4.605170185988092
Male,Yes,2,Graduate,No,11417,1126.0,225.0,360.0,1.0,Urban,Y,5.41610040220442
Male,No,0,Not Graduate,No,7333,0.0,120.0,360.0,1.0,Rural,N,4.787491742782046
Male,Yes,2,Graduate,No,3800,3600.0,216.0,360.0,0.0,Urban,N,5.375278407684165
Male,Yes,3+,Not Graduate,No,2071,754.0,94.0,480.0,1.0,Semiurban,Y,4.543294782270004
Male,No,0,Graduate,No,5316,0.0,136.0,360.0,1.0,Urban,Y,4.912654885736052
Female,Yes,0,Graduate,No,2929,2333.0,139.0,360.0,1.0,Semiurban,Y,4.9344739331306915
Male,Yes,0,Not Graduate,No,3572,4114.0,152.0,360.0,0.0,Rural,N,5.0238805208462765
Female,No,1,Graduate,Yes,7451,0.0,128.0,360.0,1.0,Semiurban,Y,4.852030263919617
Male,No,0,Graduate,No,5050,0.0,118.0,360.0,1.0,Semiurban,Y,4.770684624465665
Male,Yes,1,Graduate,No,14583,0.0,185.0,180.0,1.0,Rural,Y,5.220355825078324
Female,Yes,0,Graduate,No,3167,2283.0,154.0,360.0,1.0,Semiurban,Y,5.0369526024136295
Male,Yes,1,Graduate,No,2214,1398.0,85.0,360.0,1.0,Urban,Y,4.442651256490317
Male,Yes,0,Graduate,No,5568,2142.0,175.0,360.0,1.0,Rural,N,5.1647859739235145
Female,No,0,Graduate,No,10408,0.0,259.0,360.0,1.0,Urban,Y,5.556828061699537
Male,Yes,0,Graduate,No,5667,2667.0,180.0,360.0,1.0,Rural,Y,5.19295685089021
Female,No,0,Graduate,No,4166,0.0,44.0,360.0,1.0,Semiurban,Y,3.784189633918261
Female,No,0,Graduate,No,2137,8980.0,137.0,360.0,0.0,Semiurban,Y,4.919980925828125
Male,Yes,2,Graduate,No,2957,0.0,81.0,360.0,1.0,Semiurban,Y,4.394449154672439
Male,Yes,0,Not Graduate,No,4300,2014.0,194.0,360.0,1.0,Rural,Y,5.267858159063328
Female,No,0,Graduate,No,3692,0.0,93.0,360.0,1.0,Rural,Y,4.532599493153256
Male,Yes,3+,Graduate,No,23803,0.0,370.0,360.0,1.0,Rural,Y,5.91350300563827
Male,No,0,Graduate,No,3865,1640.0,128.0,360.0,1.0,Rural,Y,4.852030263919617
Male,Yes,1,Graduate,Yes,10513,3850.0,160.0,180.0,0.0,Urban,N,5.075173815233827
Male,Yes,0,Graduate,No,6080,2569.0,182.0,360.0,1.0,Rural,N,5.204006687076795
Male,No,0,Graduate,Yes,20166,0.0,650.0,480.0,1.0,Urban,Y,6.476972362889683
Male,No,0,Graduate,No,2014,1929.0,74.0,360.0,1.0,Urban,Y,4.30406509320417
Male,No,0,Graduate,No,2718,0.0,70.0,360.0,1.0,Semiurban,Y,4.248495242049359
Male,Yes,0,Graduate,Yes,3459,0.0,25.0,120.0,1.0,Semiurban,Y,3.2188758248682006
Male,No,0,Graduate,No,4895,0.0,102.0,360.0,1.0,Semiurban,Y,4.624972813284271
Male,Yes,3+,Graduate,No,4000,7750.0,290.0,360.0,1.0,Semiurban,N,5.66988092298052
Female,Yes,0,Graduate,No,4583,0.0,84.0,360.0,1.0,Rural,N,4.430816798843313
Male,Yes,2,Graduate,Yes,3316,3500.0,88.0,360.0,1.0,Urban,Y,4.477336814478207
Male,No,0,Graduate,No,14999,0.0,242.0,360.0,0.0,Semiurban,N,5.488937726156687
Male,Yes,2,Not Graduate,No,4200,1430.0,129.0,360.0,1.0,Rural,N,4.859812404361672
Male,Yes,2,Graduate,No,5042,2083.0,185.0,360.0,1.0,Rural,N,5.220355825078324
Male,No,0,Graduate,No,5417,0.0,168.0,360.0,1.0,Urban,Y,5.123963979403259
Male,No,0,Graduate,Yes,6950,0.0,175.0,180.0,1.0,Semiurban,Y,5.1647859739235145
Male,Yes,0,Graduate,No,2698,2034.0,122.0,360.0,1.0,Semiurban,Y,4.804021044733257
Male,Yes,2,Graduate,No,11757,0.0,187.0,180.0,1.0,Urban,Y,5.231108616854587
Female,Yes,0,Graduate,No,2330,4486.0,100.0,360.0,1.0,Semiurban,Y,4.605170185988092
Female,Yes,2,Graduate,No,14866,0.0,70.0,360.0,1.0,Urban,Y,4.248495242049359
Male,Yes,1,Graduate,No,1538,1425.0,30.0,360.0,1.0,Urban,Y,3.4011973816621555
Female,No,0,Graduate,No,10000,1666.0,225.0,360.0,1.0,Rural,N,5.41610040220442
Male,Yes,0,Graduate,No,4860,830.0,125.0,360.0,1.0,Semiurban,Y,4.8283137373023015
Male,No,0,Graduate,No,6277,0.0,118.0,360.0,0.0,Rural,N,4.770684624465665
Male,Yes,0,Graduate,Yes,2577,3750.0,152.0,360.0,1.0,Rural,Y,5.0238805208462765
Male,No,0,Graduate,No,9166,0.0,244.0,360.0,1.0,Urban,N,5.497168225293202
Male,Yes,2,Not Graduate,No,2281,0.0,113.0,360.0,1.0,Rural,N,4.727387818712341
Male,No,0,Graduate,No,3254,0.0,50.0,360.0,1.0,Urban,Y,3.912023005428146
Male,Yes,3+,Graduate,No,39999,0.0,600.0,180.0,0.0,Semiurban,Y,6.396929655216146
Male,Yes,1,Graduate,No,6000,0.0,160.0,360.0,1.0,Rural,Y,5.075173815233827
Male,Yes,1,Graduate,No,9538,0.0,187.0,360.0,1.0,Urban,Y,5.231108616854587
Male,No,0,Graduate,No,2980,2083.0,120.0,360.0,1.0,Rural,Y,4.787491742782046
Male,Yes,0,Graduate,No,4583,5625.0,255.0,360.0,1.0,Semiurban,Y,5.541263545158426
Male,Yes,0,Not Graduate,No,1863,1041.0,98.0,360.0,1.0,Semiurban,Y,4.584967478670572
Male,Yes,0,Graduate,No,7933,0.0,275.0,360.0,1.0,Urban,N,5.616771097666572
Male,Yes,1,Graduate,No,3089,1280.0,121.0,360.0,0.0,Semiurban,N,4.795790545596741
Male,Yes,2,Graduate,No,4167,1447.0,158.0,360.0,1.0,Rural,Y,5.062595033026967
Male,Yes,0,Graduate,No,9323,0.0,75.0,180.0,1.0,Urban,Y,4.31748811353631
Male,Yes,0,Graduate,No,3707,3166.0,182.0,360.0,1.0,Rural,Y,5.204006687076795
Female,Yes,0,Graduate,No,4583,0.0,112.0,360.0,1.0,Rural,N,4.718498871295094
Male,Yes,0,Graduate,No,2439,3333.0,129.0,360.0,1.0,Rural,Y,4.859812404361672
Male,No,0,Graduate,No,2237,0.0,63.0,480.0,0.0,Semiurban,N,4.143134726391533
Male,Yes,2,Graduate,No,8000,0.0,200.0,360.0,1.0,Semiurban,Y,5.298317366548036
Male,Yes,0,Not Graduate,No,1820,1769.0,95.0,360.0,1.0,Rural,Y,4.553876891600541
Male,Yes,3+,Graduate,No,51763,0.0,700.0,300.0,1.0,Urban,Y,6.551080335043404
Male,Yes,3+,Not Graduate,No,3522,0.0,81.0,180.0,1.0,Rural,N,4.394449154672439
Male,Yes,0,Graduate,No,5708,5625.0,187.0,360.0,1.0,Semiurban,Y,5.231108616854587
Male,Yes,0,Not Graduate,Yes,4344,736.0,87.0,360.0,1.0,Semiurban,N,4.465908118654584
Male,Yes,0,Graduate,No,3497,1964.0,116.0,360.0,1.0,Rural,Y,4.7535901911063645
Male,Yes,2,Graduate,No,2045,1619.0,101.0,360.0,1.0,Rural,Y,4.61512051684126
Male,Yes,3+,Graduate,No,5516,11300.0,495.0,360.0,0.0,Semiurban,N,6.20455776256869
Male,Yes,1,Graduate,No,3750,0.0,116.0,360.0,1.0,Semiurban,Y,4.7535901911063645
Male,No,0,Not Graduate,No,2333,1451.0,102.0,480.0,0.0,Urban,N,4.624972813284271
Male,Yes,1,Graduate,No,6400,7250.0,180.0,360.0,0.0,Urban,N,5.19295685089021
Male,No,0,Graduate,No,1916,5063.0,67.0,360.0,1.0,Rural,N,4.204692619390966
Male,Yes,0,Graduate,No,4600,0.0,73.0,180.0,1.0,Semiurban,Y,4.290459441148391
Male,Yes,1,Graduate,No,33846,0.0,260.0,360.0,1.0,Semiurban,N,5.560681631015528
Female,Yes,0,Graduate,No,3625,0.0,108.0,360.0,1.0,Semiurban,Y,4.68213122712422
Male,Yes,0,Graduate,Yes,39147,4750.0,120.0,360.0,1.0,Semiurban,Y,4.787491742782046
Male,Yes,1,Graduate,Yes,2178,0.0,66.0,300.0,0.0,Rural,N,4.189654742026425
Male,Yes,0,Graduate,No,2383,2138.0,58.0,360.0,1.0,Rural,Y,4.060443010546419
Male,Yes,0,Graduate,Yes,674,5296.0,168.0,360.0,1.0,Rural,Y,5.123963979403259
Male,Yes,0,Graduate,No,9328,0.0,188.0,180.0,1.0,Rural,Y,5.236441962829949
Male,No,0,Not Graduate,No,4885,0.0,48.0,360.0,1.0,Rural,Y,3.871201010907891
Male,No,0,Graduate,No,12000,0.0,164.0,360.0,1.0,Semiurban,N,5.099866427824199
Male,Yes,0,Not Graduate,No,6033,0.0,160.0,360.0,1.0,Urban,N,5.075173815233827
Male,No,0,Graduate,No,3858,0.0,76.0,360.0,1.0,Semiurban,Y,4.330733340286331
Male,No,0,Graduate,No,4191,0.0,120.0,360.0,1.0,Rural,Y,4.787491742782046
Male,Yes,1,Graduate,No,3125,2583.0,170.0,360.0,1.0,Semiurban,N,5.135798437050262
Male,No,0,Graduate,No,8333,3750.0,187.0,360.0,1.0,Rural,Y,5.231108616854587
Female,No,0,Not Graduate,No,1907,2365.0,120.0,360.0,1.0,Urban,Y,4.787491742782046
Female,Yes,0,Graduate,No,3416,2816.0,113.0,360.0,1.0,Semiurban,Y,4.727387818712341
Male,No,0,Graduate,Yes,11000,0.0,83.0,360.0,1.0,Urban,N,4.418840607796598
Male,Yes,1,Not Graduate,No,2600,2500.0,90.0,360.0,1.0,Semiurban,Y,4.499809670330265
Male,No,2,Graduate,No,4923,0.0,166.0,360.0,0.0,Semiurban,Y,5.111987788356544
Male,Yes,3+,Not Graduate,No,3992,0.0,128.0,180.0,1.0,Urban,N,4.852030263919617
Male,Yes,1,Not Graduate,No,3500,1083.0,135.0,360.0,1.0,Urban,Y,4.90527477843843
Male,Yes,2,Not Graduate,No,3917,0.0,124.0,360.0,1.0,Semiurban,Y,4.820281565605037
Female,No,0,Not Graduate,No,4408,0.0,120.0,360.0,1.0,Semiurban,Y,4.787491742782046
Female,No,0,Graduate,No,3244,0.0,80.0,360.0,1.0,Urban,Y,4.382026634673881
Male,No,0,Not Graduate,No,3975,2531.0,55.0,360.0,1.0,Rural,Y,4.007333185232471
Male,No,0,Graduate,No,2479,0.0,59.0,360.0,1.0,Urban,Y,4.07753744390572
Male,No,0,Graduate,No,3418,0.0,127.0,360.0,1.0,Semiurban,N,4.844187086458591
Female,No,0,Graduate,No,10000,0.0,214.0,360.0,1.0,Semiurban,N,5.365976015021851
Male,Yes,3+,Graduate,No,3430,1250.0,128.0,360.0,0.0,Semiurban,N,4.852030263919617
Male,Yes,1,Graduate,Yes,7787,0.0,240.0,360.0,1.0,Urban,Y,5.480638923341991
Male,Yes,3+,Not Graduate,Yes,5703,0.0,130.0,360.0,1.0,Rural,Y,4.867534450455582
Male,Yes,0,Graduate,No,3173,3021.0,137.0,360.0,1.0,Urban,Y,4.919980925828125
Male,Yes,3+,Not Graduate,No,3850,983.0,100.0,360.0,1.0,Semiurban,Y,4.605170185988092
Male,Yes,0,Graduate,No,150,1800.0,135.0,360.0,1.0,Rural,N,4.90527477843843
Male,Yes,0,Graduate,No,3727,1775.0,131.0,360.0,1.0,Semiurban,Y,4.875197323201151
Male,Yes,2,Graduate,No,5000,0.0,72.0,360.0,0.0,Semiurban,N,4.276666119016055
Female,Yes,2,Graduate,No,4283,2383.0,127.0,360.0,1.0,Semiurban,Y,4.844187086458591
Male,Yes,0,Graduate,No,2221,0.0,60.0,360.0,0.0,Urban,N,4.0943445622221
Male,Yes,2,Graduate,No,4009,1717.0,116.0,360.0,1.0,Semiurban,Y,4.7535901911063645
Male,No,0,Graduate,No,2971,2791.0,144.0,360.0,1.0,Semiurban,Y,4.969813299576001
Male,Yes,0,Graduate,No,7578,1010.0,175.0,360.0,1.0,Semiurban,Y,5.1647859739235145
Male,Yes,0,Graduate,No,6250,0.0,128.0,360.0,1.0,Semiurban,Y,4.852030263919617
Male,Yes,0,Graduate,No,3250,0.0,170.0,360.0,1.0,Rural,N,5.135798437050262
Male,Yes,0,Not Graduate,Yes,4735,0.0,138.0,360.0,1.0,Urban,N,4.927253685157205
Male,Yes,2,Graduate,No,6250,1695.0,210.0,360.0,1.0,Semiurban,Y,5.3471075307174685
Male,Yes,0,Graduate,No,4758,0.0,158.0,480.0,1.0,Semiurban,Y,5.062595033026967
Male,No,0,Graduate,Yes,6400,0.0,200.0,360.0,1.0,Rural,Y,5.298317366548036
Male,Yes,1,Graduate,No,2491,2054.0,104.0,360.0,1.0,Semiurban,Y,4.6443908991413725
Male,Yes,0,Graduate,No,3716,0.0,42.0,180.0,1.0,Rural,Y,3.7376696182833684
Male,No,0,Not Graduate,No,3189,2598.0,120.0,360.0,1.0,Rural,Y,4.787491742782046
Female,No,0,Graduate,No,8333,0.0,280.0,360.0,1.0,Semiurban,Y,5.634789603169249
Male,Yes,1,Graduate,No,3155,1779.0,140.0,360.0,1.0,Semiurban,Y,4.941642422609304
Male,Yes,1,Graduate,No,5500,1260.0,170.0,360.0,1.0,Rural,Y,5.135798437050262
Male,Yes,0,Graduate,No,5746,0.0,255.0,360.0,1.0,Urban,N,5.541263545158426
Female,No,0,Graduate,Yes,3463,0.0,122.0,360.0,1.0,Urban,Y,4.804021044733257
Female,No,1,Graduate,No,3812,0.0,112.0,360.0,1.0,Rural,Y,4.718498871295094
Male,Yes,1,Graduate,No,3315,0.0,96.0,360.0,1.0,Semiurban,Y,4.564348191467836
Male,Yes,2,Graduate,No,5819,5000.0,120.0,360.0,1.0,Rural,Y,4.787491742782046
Male,Yes,1,Not Graduate,No,2510,1983.0,140.0,180.0,1.0,Urban,N,4.941642422609304
Male,No,0,Graduate,No,2965,5701.0,155.0,60.0,1.0,Urban,Y,5.043425116919247
Male,Yes,2,Graduate,Yes,6250,1300.0,108.0,360.0,1.0,Rural,Y,4.68213122712422
Male,Yes,0,Not Graduate,No,3406,4417.0,123.0,360.0,1.0,Semiurban,Y,4.812184355372417
Male,No,0,Graduate,Yes,6050,4333.0,120.0,180.0,1.0,Urban,N,4.787491742782046
Male,Yes,2,Graduate,No,9703,0.0,112.0,360.0,1.0,Urban,Y,4.718498871295094
Male,Yes,1,Not Graduate,No,6608,0.0,137.0,180.0,1.0,Urban,Y,4.919980925828125
Male,Yes,1,Graduate,No,2882,1843.0,123.0,480.0,1.0,Semiurban,Y,4.812184355372417
Male,Yes,0,Graduate,No,1809,1868.0,90.0,360.0,1.0,Urban,Y,4.499809670330265
Male,Yes,0,Not Graduate,No,1668,3890.0,201.0,360.0,0.0,Semiurban,N,5.303304908059076
Female,No,2,Graduate,No,3427,0.0,138.0,360.0,1.0,Urban,N,4.927253685157205
Male,No,0,Not Graduate,Yes,2583,2167.0,104.0,360.0,1.0,Rural,Y,4.6443908991413725
Male,Yes,1,Not Graduate,No,2661,7101.0,279.0,180.0,1.0,Semiurban,Y,5.631211781821365
Male,No,0,Graduate,Yes,16250,0.0,192.0,360.0,0.0,Urban,N,5.2574953720277815
Female,No,3+,Graduate,No,3083,0.0,255.0,360.0,1.0,Rural,Y,5.541263545158426
Male,No,0,Not Graduate,No,6045,0.0,115.0,360.0,0.0,Rural,N,4.74493212836325
Male,Yes,3+,Graduate,No,5250,0.0,94.0,360.0,1.0,Urban,N,4.543294782270004
Male,Yes,0,Graduate,No,14683,2100.0,304.0,360.0,1.0,Rural,N,5.717027701406222
Male,Yes,3+,Not Graduate,No,4931,0.0,128.0,360.0,1.0,Semiurban,N,4.852030263919617
Male,Yes,1,Graduate,No,6083,4250.0,330.0,360.0,1.0,Urban,Y,5.799092654460526
Male,No,0,Graduate,No,2060,2209.0,134.0,360.0,1.0,Semiurban,Y,4.897839799950911
Female,No,1,Graduate,No,3481,0.0,155.0,36.0,1.0,Semiurban,N,5.043425116919247
Female,No,0,Graduate,No,7200,0.0,120.0,360.0,1.0,Rural,Y,4.787491742782046
Male,No,0,Graduate,Yes,5166,0.0,128.0,360.0,1.0,Semiurban,Y,4.852030263919617
Male,No,0,Graduate,No,4095,3447.0,151.0,360.0,1.0,Rural,Y,5.017279836814924
Male,Yes,2,Graduate,No,4708,1387.0,150.0,360.0,1.0,Semiurban,Y,5.0106352940962555
Male,Yes,3+,Graduate,No,4333,1811.0,160.0,360.0,0.0,Urban,Y,5.075173815233827
Female,No,0,Graduate,No,3418,0.0,135.0,360.0,1.0,Rural,N,4.90527477843843
Female,No,1,Graduate,No,2876,1560.0,90.0,360.0,1.0,Urban,Y,4.499809670330265
Female,No,0,Graduate,No,3237,0.0,30.0,360.0,1.0,Urban,Y,3.4011973816621555
Male,Yes,0,Graduate,No,11146,0.0,136.0,360.0,1.0,Urban,Y,4.912654885736052
Male,No,0,Graduate,No,2833,1857.0,126.0,360.0,1.0,Rural,Y,4.836281906951478
Male,Yes,0,Graduate,No,2620,2223.0,150.0,360.0,1.0,Semiurban,Y,5.0106352940962555
Male,Yes,2,Graduate,No,3900,0.0,90.0,360.0,1.0,Semiurban,Y,4.499809670330265
Male,Yes,1,Graduate,No,2750,1842.0,115.0,360.0,1.0,Semiurban,Y,4.74493212836325
Male,Yes,0,Graduate,No,3993,3274.0,207.0,360.0,1.0,Semiurban,Y,5.332718793265369
Male,Yes,0,Graduate,No,3103,1300.0,80.0,360.0,1.0,Urban,Y,4.382026634673881
Male,Yes,0,Graduate,No,14583,0.0,436.0,360.0,1.0,Semiurban,Y,6.077642243349034
Female,Yes,0,Not Graduate,No,4100,0.0,124.0,360.0,1.0,Rural,Y,4.820281565605037
Male,No,1,Not Graduate,Yes,4053,2426.0,158.0,360.0,0.0,Urban,N,5.062595033026967
Male,Yes,0,Graduate,No,3927,800.0,112.0,360.0,1.0,Semiurban,Y,4.718498871295094
Male,Yes,2,Graduate,No,2301,985.7999878,78.0,180.0,1.0,Urban,Y,4.356708826689592
Female,No,0,Graduate,No,1811,1666.0,54.0,360.0,1.0,Urban,Y,3.9889840465642745
Male,Yes,0,Graduate,No,20667,0.0,128.0,360.0,1.0,Rural,N,4.852030263919617
Male,No,0,Graduate,No,3158,3053.0,89.0,360.0,1.0,Rural,Y,4.48863636973214
Female,No,0,Graduate,Yes,2600,1717.0,99.0,300.0,1.0,Semiurban,N,4.59511985013459
Male,Yes,0,Graduate,No,3704,2000.0,120.0,360.0,1.0,Rural,Y,4.787491742782046
Female,No,0,Graduate,No,4124,0.0,115.0,360.0,1.0,Semiurban,Y,4.74493212836325
Male,No,0,Graduate,No,9508,0.0,187.0,360.0,1.0,Rural,Y,5.231108616854587
Male,Yes,0,Graduate,No,3075,2416.0,139.0,360.0,1.0,Rural,Y,4.9344739331306915
Male,Yes,2,Graduate,No,4400,0.0,127.0,360.0,0.0,Semiurban,N,4.844187086458591
Male,Yes,2,Graduate,No,3153,1560.0,134.0,360.0,1.0,Urban,Y,4.897839799950911
Female,No,0,Graduate,No,5417,0.0,143.0,480.0,0.0,Urban,N,4.962844630259907
Male,Yes,0,Graduate,No,2383,3334.0,172.0,360.0,1.0,Semiurban,Y,5.147494476813453
Male,Yes,3+,Graduate,No,4416,1250.0,110.0,360.0,1.0,Urban,Y,4.700480365792417
Male,Yes,1,Graduate,No,6875,0.0,200.0,360.0,1.0,Semiurban,Y,5.298317366548036
Female,Yes,1,Graduate,No,4666,0.0,135.0,360.0,1.0,Urban,Y,4.90527477843843
Female,No,0,Graduate,No,5000,2541.0,151.0,480.0,1.0,Rural,N,5.017279836814924
Male,Yes,1,Graduate,No,2014,2925.0,113.0,360.0,1.0,Urban,N,4.727387818712341
Male,Yes,0,Not Graduate,No,1800,2934.0,93.0,360.0,0.0,Urban,N,4.532599493153256
Male,Yes,0,Not Graduate,No,2875,1750.0,105.0,360.0,1.0,Semiurban,Y,4.653960350157523
Female,No,0,Graduate,No,5000,0.0,132.0,360.0,1.0,Rural,Y,4.882801922586371
Male,Yes,1,Graduate,No,1625,1803.0,96.0,360.0,1.0,Urban,Y,4.564348191467836
Male,No,0,Graduate,No,4000,2500.0,140.0,360.0,1.0,Rural,Y,4.941642422609304
Male,No,0,Not Graduate,No,2000,0.0,128.0,360.0,1.0,Urban,N,4.852030263919617
Female,No,0,Graduate,No,3762,1666.0,135.0,360.0,1.0,Rural,Y,4.90527477843843
Female,No,0,Graduate,No,2400,1863.0,104.0,360.0,0.0,Urban,N,4.6443908991413725
Male,No,0,Graduate,No,20233,0.0,480.0,360.0,1.0,Rural,N,6.173786103901937
Male,Yes,2,Not Graduate,No,7667,0.0,185.0,360.0,1.0,Rural,Y,5.220355825078324
Female,No,0,Graduate,No,2917,0.0,84.0,360.0,1.0,Semiurban,Y,4.430816798843313
Male,No,0,Not Graduate,No,2927,2405.0,111.0,360.0,1.0,Semiurban,Y,4.709530201312334
Female,No,0,Graduate,No,2507,0.0,56.0,360.0,1.0,Rural,Y,4.02535169073515
Male,Yes,2,Graduate,Yes,5746,0.0,144.0,84.0,1.0,Rural,Y,4.969813299576001
Male,Yes,0,Graduate,No,2473,1843.0,159.0,360.0,1.0,Rural,N,5.0689042022202315
Male,Yes,1,Not Graduate,No,3399,1640.0,111.0,180.0,1.0,Urban,Y,4.709530201312334
Male,Yes,2,Graduate,No,3717,0.0,120.0,360.0,1.0,Semiurban,Y,4.787491742782046
Male,Yes,0,Graduate,No,2058,2134.0,88.0,360.0,1.0,Urban,Y,4.477336814478207
Female,No,1,Graduate,No,3541,0.0,112.0,360.0,1.0,Semiurban,Y,4.718498871295094
Male,Yes,1,Graduate,Yes,10000,0.0,155.0,360.0,1.0,Rural,N,5.043425116919247
Male,Yes,0,Graduate,No,2400,2167.0,115.0,360.0,1.0,Semiurban,Y,4.74493212836325
Male,Yes,3+,Graduate,No,4342,189.0,124.0,360.0,1.0,Semiurban,Y,4.820281565605037
Male,Yes,2,Not Graduate,No,3601,1590.0,128.0,360.0,1.0,Rural,Y,4.852030263919617
Female,No,0,Graduate,No,3166,2985.0,132.0,360.0,1.0,Rural,Y,4.882801922586371
Male,Yes,3+,Graduate,No,15000,0.0,300.0,360.0,1.0,Rural,Y,5.703782474656201
Male,Yes,1,Graduate,Yes,8666,4983.0,376.0,360.0,0.0,Rural,N,5.929589143389895
Male,No,0,Graduate,No,4917,0.0,130.0,360.0,0.0,Rural,Y,4.867534450455582
Male,Yes,0,Graduate,Yes,5818,2160.0,184.0,360.0,1.0,Semiurban,Y,5.214935757608986
Female,Yes,0,Graduate,No,4333,2451.0,110.0,360.0,1.0,Urban,N,4.700480365792417
Female,No,0,Graduate,No,2500,0.0,67.0,360.0,1.0,Urban,Y,4.204692619390966
Male,No,1,Graduate,No,4384,1793.0,117.0,360.0,1.0,Urban,Y,4.762173934797756
Male,No,0,Graduate,No,2935,0.0,98.0,360.0,1.0,Semiurban,Y,4.584967478670572
Male,No,0,Graduate,No,2833,0.0,71.0,360.0,1.0,Urban,Y,4.2626798770413155
Male,Yes,0,Graduate,No,63337,0.0,490.0,180.0,1.0,Urban,Y,6.194405391104672
Male,Yes,1,Graduate,Yes,9833,1833.0,182.0,180.0,1.0,Urban,Y,5.204006687076795
Male,Yes,0,Graduate,Yes,5503,4490.0,70.0,360.0,1.0,Semiurban,Y,4.248495242049359
Male,Yes,1,Graduate,No,5250,688.0,160.0,360.0,1.0,Rural,Y,5.075173815233827
Male,Yes,2,Graduate,Yes,2500,4600.0,176.0,360.0,1.0,Rural,Y,5.170483995038151
Female,No,3+,Not Graduate,No,1830,0.0,128.0,360.0,0.0,Urban,N,4.852030263919617
Female,No,0,Graduate,No,4160,0.0,71.0,360.0,1.0,Semiurban,Y,4.2626798770413155
Male,Yes,3+,Not Graduate,No,2647,1587.0,173.0,360.0,1.0,Rural,N,5.153291594497779
Female,No,0,Graduate,No,2378,0.0,46.0,360.0,1.0,Rural,N,3.828641396489095
Male,Yes,1,Not Graduate,No,4554,1229.0,158.0,360.0,1.0,Urban,Y,5.062595033026967
Male,Yes,3+,Not Graduate,No,3173,0.0,74.0,360.0,1.0,Semiurban,Y,4.30406509320417
Male,Yes,2,Graduate,No,2583,2330.0,125.0,360.0,1.0,Rural,Y,4.8283137373023015
Male,Yes,0,Graduate,No,2499,2458.0,160.0,360.0,1.0,Semiurban,Y,5.075173815233827
Male,Yes,0,Not Graduate,No,3523,3230.0,152.0,360.0,0.0,Rural,N,5.0238805208462765
Male,Yes,2,Not Graduate,No,3083,2168.0,126.0,360.0,1.0,Urban,Y,4.836281906951478
Male,Yes,0,Graduate,No,6333,4583.0,259.0,360.0,1.0,Semiurban,Y,5.556828061699537
Male,Yes,0,Graduate,No,2625,6250.0,187.0,360.0,1.0,Rural,Y,5.231108616854587
Male,Yes,0,Graduate,No,9083,0.0,228.0,360.0,1.0,Semiurban,Y,5.429345628954441
Male,No,0,Graduate,No,8750,4167.0,308.0,360.0,1.0,Rural,N,5.730099782973574
Male,Yes,3+,Graduate,No,2666,2083.0,95.0,360.0,1.0,Rural,Y,4.553876891600541
Female,Yes,0,Graduate,Yes,5500,0.0,105.0,360.0,0.0,Rural,N,4.653960350157523
Female,Yes,0,Graduate,No,2423,505.0,130.0,360.0,1.0,Semiurban,Y,4.867534450455582
Female,No,0,Graduate,No,3813,0.0,116.0,180.0,1.0,Urban,Y,4.7535901911063645
Male,Yes,2,Graduate,No,8333,3167.0,165.0,360.0,1.0,Rural,Y,5.10594547390058
Male,Yes,1,Graduate,No,3875,0.0,67.0,360.0,1.0,Urban,N,4.204692619390966
Male,Yes,0,Not Graduate,No,3000,1666.0,100.0,480.0,0.0,Urban,N,4.605170185988092
Male,Yes,3+,Graduate,No,5167,3167.0,200.0,360.0,1.0,Semiurban,Y,5.298317366548036
Female,No,1,Graduate,No,4723,0.0,81.0,360.0,1.0,Semiurban,N,4.394449154672439
Male,Yes,2,Graduate,No,5000,3667.0,236.0,360.0,1.0,Semiurban,Y,5.4638318050256105
Male,Yes,0,Graduate,No,4750,2333.0,130.0,360.0,1.0,Urban,Y,4.867534450455582
Male,Yes,0,Graduate,No,3013,3033.0,95.0,300.0,1.0,Urban,Y,4.553876891600541
Male,No,0,Graduate,Yes,6822,0.0,141.0,360.0,1.0,Rural,Y,4.948759890378168
Male,No,0,Not Graduate,No,6216,0.0,133.0,360.0,1.0,Rural,N,4.890349128221754
Male,No,0,Graduate,No,2500,0.0,96.0,480.0,1.0,Semiurban,N,4.564348191467836
Male,No,0,Graduate,No,5124,0.0,124.0,360.0,0.0,Rural,N,4.820281565605037
Male,Yes,1,Graduate,No,6325,0.0,175.0,360.0,1.0,Semiurban,Y,5.1647859739235145
Male,Yes,0,Graduate,No,19730,5266.0,570.0,360.0,1.0,Rural,N,6.345636360828596
Female,No,0,Graduate,Yes,15759,0.0,55.0,360.0,1.0,Semiurban,Y,4.007333185232471
Male,Yes,2,Graduate,No,5185,0.0,155.0,360.0,1.0,Semiurban,Y,5.043425116919247
Male,Yes,2,Graduate,Yes,9323,7873.0,380.0,300.0,1.0,Rural,Y,5.940171252720432
Male,No,1,Graduate,No,3062,1987.0,111.0,180.0,0.0,Urban,N,4.709530201312334
Female,No,0,Graduate,No,2764,1459.0,110.0,360.0,1.0,Urban,Y,4.700480365792417
Male,Yes,0,Graduate,No,4817,923.0,120.0,180.0,1.0,Urban,Y,4.787491742782046
Male,Yes,3+,Graduate,No,8750,4996.0,130.0,360.0,1.0,Rural,Y,4.867534450455582
Male,Yes,0,Graduate,No,4310,0.0,130.0,360.0,1.0,Semiurban,Y,4.867534450455582
Male,No,0,Graduate,No,3069,0.0,71.0,480.0,1.0,Urban,N,4.2626798770413155
Male,Yes,2,Graduate,No,5391,0.0,130.0,360.0,1.0,Urban,Y,4.867534450455582
Male,Yes,0,Graduate,No,3333,2500.0,128.0,360.0,1.0,Semiurban,Y,4.852030263919617
Male,No,0,Graduate,No,5941,4232.0,296.0,360.0,1.0,Semiurban,Y,5.69035945432406
Female,No,0,Graduate,No,6000,0.0,156.0,360.0,1.0,Urban,Y,5.049856007249537
Male,No,0,Graduate,Yes,7167,0.0,128.0,360.0,1.0,Urban,Y,4.852030263919617
Male,Yes,2,Graduate,No,4566,0.0,100.0,360.0,1.0,Urban,N,4.605170185988092
Male,No,1,Graduate,No,3667,0.0,113.0,180.0,1.0,Urban,Y,4.727387818712341
Male,No,0,Not Graduate,No,2346,1600.0,132.0,360.0,1.0,Semiurban,Y,4.882801922586371
Male,Yes,0,Not Graduate,No,3010,3136.0,128.0,360.0,0.0,Urban,N,4.852030263919617
Male,Yes,0,Graduate,No,2333,2417.0,136.0,360.0,1.0,Urban,Y,4.912654885736052
Male,Yes,0,Graduate,No,5488,0.0,125.0,360.0,1.0,Rural,Y,4.8283137373023015
Male,No,3+,Graduate,No,9167,0.0,185.0,360.0,1.0,Rural,Y,5.220355825078324
Male,Yes,3+,Graduate,No,9504,0.0,275.0,360.0,1.0,Rural,Y,5.616771097666572
Male,Yes,0,Graduate,No,2583,2115.0,120.0,360.0,1.0,Urban,Y,4.787491742782046
Male,Yes,2,Not Graduate,No,1993,1625.0,113.0,180.0,1.0,Semiurban,Y,4.727387818712341
Male,Yes,2,Graduate,No,3100,1400.0,113.0,360.0,1.0,Urban,Y,4.727387818712341
Male,Yes,2,Graduate,No,3276,484.0,135.0,360.0,1.0,Semiurban,Y,4.90527477843843
Female,No,0,Graduate,No,3180,0.0,71.0,360.0,0.0,Urban,N,4.2626798770413155
Male,Yes,0,Graduate,No,3033,1459.0,95.0,360.0,1.0,Urban,Y,4.553876891600541
Male,No,0,Not Graduate,No,3902,1666.0,109.0,360.0,1.0,Rural,Y,4.6913478822291435
Female,No,0,Graduate,No,1500,1800.0,103.0,360.0,0.0,Semiurban,N,4.634728988229636
Male,Yes,2,Not Graduate,No,2889,0.0,45.0,180.0,0.0,Urban,N,3.8066624897703196
Male,No,0,Not Graduate,No,2755,0.0,65.0,300.0,1.0,Rural,N,4.174387269895637
Male,No,0,Graduate,No,2500,20000.0,103.0,360.0,1.0,Semiurban,Y,4.634728988229636
Female,No,0,Not Graduate,No,1963,0.0,53.0,360.0,1.0,Semiurban,Y,3.970291913552122
Female,No,0,Graduate,Yes,7441,0.0,194.0,360.0,1.0,Rural,N,5.267858159063328
Female,No,0,Graduate,No,4547,0.0,115.0,360.0,1.0,Semiurban,Y,4.74493212836325
Male,Yes,0,Not Graduate,No,2167,2400.0,115.0,360.0,1.0,Urban,Y,4.74493212836325
Female,No,0,Not Graduate,No,2213,0.0,66.0,360.0,1.0,Rural,Y,4.189654742026425
Male,Yes,1,Graduate,No,8300,0.0,152.0,300.0,0.0,Semiurban,N,5.0238805208462765
Male,Yes,3+,Graduate,No,81000,0.0,360.0,360.0,0.0,Rural,N,5.886104031450156
Female,No,1,Not Graduate,Yes,3867,0.0,62.0,360.0,1.0,Semiurban,N,4.127134385045092
Male,Yes,0,Graduate,No,6256,0.0,160.0,360.0,1.0,Urban,Y,5.075173815233827
Male,Yes,0,Not Graduate,No,6096,0.0,218.0,360.0,0.0,Rural,N,5.384495062789089
Male,Yes,0,Not Graduate,No,2253,2033.0,110.0,360.0,1.0,Rural,Y,4.700480365792417
Female,Yes,0,Not Graduate,No,2149,3237.0,178.0,360.0,0.0,Semiurban,N,5.181783550292085
Female,No,0,Graduate,No,2995,0.0,60.0,360.0,1.0,Urban,Y,4.0943445622221
Female,No,1,Graduate,No,2600,0.0,160.0,360.0,1.0,Urban,N,5.075173815233827
Male,Yes,2,Graduate,Yes,1600,20000.0,239.0,360.0,1.0,Urban,N,5.476463551931511
Male,Yes,0,Graduate,No,1025,2773.0,112.0,360.0,1.0,Rural,Y,4.718498871295094
Male,Yes,0,Graduate,No,3246,1417.0,138.0,360.0,1.0,Semiurban,Y,4.927253685157205
Male,Yes,0,Graduate,No,5829,0.0,138.0,360.0,1.0,Rural,Y,4.927253685157205
Female,No,0,Not Graduate,No,2720,0.0,80.0,360.0,0.0,Urban,N,4.382026634673881
Male,Yes,0,Graduate,No,1820,1719.0,100.0,360.0,1.0,Urban,Y,4.605170185988092
Male,Yes,1,Graduate,No,7250,1667.0,110.0,360.0,0.0,Urban,N,4.700480365792417
Male,Yes,0,Graduate,No,14880,0.0,96.0,360.0,1.0,Semiurban,Y,4.564348191467836
Male,Yes,0,Graduate,No,2666,4300.0,121.0,360.0,1.0,Rural,Y,4.795790545596741
Female,No,1,Not Graduate,No,4606,0.0,81.0,360.0,1.0,Rural,N,4.394449154672439
Male,Yes,2,Graduate,No,5935,0.0,133.0,360.0,1.0,Semiurban,Y,4.890349128221754
Male,Yes,0,Graduate,No,2920,16.12000084,87.0,360.0,1.0,Rural,Y,4.465908118654584
Male,No,0,Not Graduate,No,2717,0.0,60.0,180.0,1.0,Urban,Y,4.0943445622221
Female,No,1,Graduate,Yes,8624,0.0,150.0,360.0,1.0,Semiurban,Y,5.0106352940962555
Male,No,0,Graduate,No,6500,0.0,105.0,360.0,0.0,Rural,N,4.653960350157523
Male,No,0,Graduate,No,12876,0.0,405.0,360.0,1.0,Semiurban,Y,6.003887067106539
Male,Yes,0,Graduate,No,2425,2340.0,143.0,360.0,1.0,Semiurban,Y,4.962844630259907
Male,No,0,Graduate,No,3750,0.0,100.0,360.0,1.0,Urban,Y,4.605170185988092
Female,Yes,0,Graduate,No,10047,0.0,128.0,240.0,1.0,Semiurban,Y,4.852030263919617
Male,No,0,Graduate,No,1926,1851.0,50.0,360.0,1.0,Semiurban,Y,3.912023005428146
Male,Yes,0,Graduate,No,2213,1125.0,128.0,360.0,1.0,Urban,Y,4.852030263919617
Male,No,0,Graduate,Yes,10416,0.0,187.0,360.0,0.0,Urban,N,5.231108616854587
Female,Yes,0,Not Graduate,Yes,7142,0.0,138.0,360.0,1.0,Rural,Y,4.927253685157205
Male,No,0,Graduate,No,3660,5064.0,187.0,360.0,1.0,Semiurban,Y,5.231108616854587
Male,Yes,0,Graduate,No,7901,1833.0,180.0,360.0,1.0,Rural,Y,5.19295685089021
Male,No,3+,Not Graduate,No,4707,1993.0,148.0,360.0,1.0,Semiurban,Y,4.997212273764115
Male,No,1,Graduate,No,37719,0.0,152.0,360.0,1.0,Semiurban,Y,5.0238805208462765
Male,Yes,0,Graduate,No,7333,8333.0,175.0,300.0,1.0,Rural,Y,5.1647859739235145
Male,Yes,1,Graduate,Yes,3466,1210.0,130.0,360.0,1.0,Rural,Y,4.867534450455582
Male,Yes,2,Not Graduate,No,4652,0.0,110.0,360.0,1.0,Rural,Y,4.700480365792417
Male,Yes,0,Graduate,No,3539,1376.0,55.0,360.0,1.0,Rural,N,4.007333185232471
Male,Yes,2,Graduate,No,3340,1710.0,150.0,360.0,0.0,Rural,N,5.0106352940962555
Male,No,1,Not Graduate,Yes,2769,1542.0,190.0,360.0,1.0,Semiurban,N,5.247024072160486
Male,Yes,2,Not Graduate,No,2309,1255.0,125.0,360.0,0.0,Rural,N,4.8283137373023015
Male,Yes,2,Not Graduate,No,1958,1456.0,60.0,300.0,1.0,Urban,Y,4.0943445622221
Male,Yes,0,Graduate,No,3948,1733.0,149.0,360.0,0.0,Rural,N,5.003946305945459
Male,Yes,0,Graduate,No,2483,2466.0,90.0,180.0,0.0,Rural,Y,4.499809670330265
Male,No,0,Graduate,Yes,7085,0.0,84.0,360.0,1.0,Semiurban,Y,4.430816798843313
Male,Yes,2,Graduate,No,3859,0.0,96.0,360.0,1.0,Semiurban,Y,4.564348191467836
Male,Yes,0,Graduate,No,4301,0.0,118.0,360.0,1.0,Urban,Y,4.770684624465665
Male,Yes,0,Graduate,No,3708,2569.0,173.0,360.0,1.0,Urban,N,5.153291594497779
Male,No,2,Graduate,No,4354,0.0,136.0,360.0,1.0,Rural,Y,4.912654885736052
Male,Yes,0,Graduate,No,8334,0.0,160.0,360.0,1.0,Semiurban,N,5.075173815233827
Male,Yes,0,Graduate,Yes,2083,4083.0,160.0,360.0,1.0,Semiurban,Y,5.075173815233827
Male,Yes,3+,Graduate,No,7740,0.0,128.0,180.0,1.0,Urban,Y,4.852030263919617
Male,Yes,0,Graduate,No,3015,2188.0,153.0,360.0,1.0,Rural,Y,5.030437921392435
Female,No,1,Not Graduate,No,5191,0.0,132.0,360.0,1.0,Semiurban,Y,4.882801922586371
Male,No,0,Graduate,No,4166,0.0,98.0,360.0,0.0,Semiurban,N,4.584967478670572
Male,No,0,Graduate,No,6000,0.0,140.0,360.0,1.0,Rural,Y,4.941642422609304
Male,Yes,3+,Not Graduate,No,2947,1664.0,70.0,180.0,0.0,Urban,N,4.248495242049359
Male,Yes,0,Graduate,No,16692,0.0,110.0,360.0,1.0,Semiurban,Y,4.700480365792417
Female,Yes,2,Not Graduate,No,210,2917.0,98.0,360.0,1.0,Semiurban,Y,4.584967478670572
Male,Yes,0,Graduate,No,4333,2451.0,110.0,360.0,1.0,Urban,N,4.700480365792417
Male,Yes,1,Graduate,Yes,3450,2079.0,162.0,360.0,1.0,Semiurban,Y,5.087596335232384
Male,Yes,1,Not Graduate,No,2653,1500.0,113.0,180.0,0.0,Rural,N,4.727387818712341
Male,Yes,3+,Graduate,No,4691,0.0,100.0,360.0,1.0,Semiurban,Y,4.605170185988092
Female,No,0,Graduate,Yes,2500,0.0,93.0,360.0,1.0,Urban,Y,4.532599493153256
Male,No,2,Graduate,No,5532,4648.0,162.0,360.0,1.0,Rural,Y,5.087596335232384
Male,Yes,2,Graduate,Yes,16525,1014.0,150.0,360.0,1.0,Rural,Y,5.0106352940962555
Male,Yes,2,Graduate,No,6700,1750.0,230.0,300.0,1.0,Semiurban,Y,5.438079308923196
Male,Yes,2,Graduate,No,2873,1872.0,132.0,360.0,0.0,Semiurban,N,4.882801922586371
Male,Yes,1,Graduate,Yes,16667,2250.0,86.0,360.0,1.0,Semiurban,Y,4.454347296253507
Male,Yes,2,Graduate,No,2947,1603.0,128.0,360.0,1.0,Urban,N,4.852030263919617
Female,No,0,Not Graduate,No,4350,0.0,154.0,360.0,1.0,Rural,Y,5.0369526024136295
Male,Yes,3+,Not Graduate,No,3095,0.0,113.0,360.0,1.0,Rural,Y,4.727387818712341
Male,Yes,0,Graduate,No,2083,3150.0,128.0,360.0,1.0,Semiurban,Y,4.852030263919617
Male,Yes,0,Graduate,No,10833,0.0,234.0,360.0,1.0,Semiurban,Y,5.455321115357702
Male,Yes,2,Graduate,No,8333,0.0,246.0,360.0,1.0,Semiurban,Y,5.5053315359323625
Male,Yes,1,Not Graduate,No,1958,2436.0,131.0,360.0,1.0,Rural,Y,4.875197323201151
Male,No,2,Graduate,No,3547,0.0,80.0,360.0,0.0,Rural,N,4.382026634673881
Male,Yes,1,Graduate,No,18333,0.0,500.0,360.0,1.0,Urban,N,6.214608098422191
Male,Yes,2,Graduate,Yes,4583,2083.0,160.0,360.0,1.0,Semiurban,Y,5.075173815233827
Male,No,0,Graduate,No,2435,0.0,75.0,360.0,1.0,Urban,N,4.31748811353631
Male,No,0,Not Graduate,No,2699,2785.0,96.0,360.0,1.0,Semiurban,Y,4.564348191467836
Male,Yes,1,Not Graduate,No,5333,1131.0,186.0,360.0,1.0,Urban,Y,5.225746673713202
Male,No,0,Not Graduate,No,3691,0.0,110.0,360.0,1.0,Rural,Y,4.700480365792417
Female,No,0,Not Graduate,Yes,17263,0.0,225.0,360.0,1.0,Semiurban,Y,5.41610040220442
Male,Yes,0,Graduate,No,3597,2157.0,119.0,360.0,0.0,Rural,N,4.77912349311153
Female,Yes,1,Graduate,No,3326,913.0,105.0,84.0,1.0,Semiurban,Y,4.653960350157523
Male,Yes,0,Not Graduate,No,2600,1700.0,107.0,360.0,1.0,Rural,Y,4.672828834461906
Male,Yes,0,Graduate,No,4625,2857.0,111.0,12.0,1.0,Urban,Y,4.709530201312334
Male,Yes,1,Graduate,Yes,2895,0.0,95.0,360.0,1.0,Semiurban,Y,4.553876891600541
Male,No,0,Graduate,No,6283,4416.0,209.0,360.0,0.0,Rural,N,5.342334251964811
Female,No,0,Graduate,No,645,3683.0,113.0,480.0,1.0,Rural,Y,4.727387818712341
Female,No,0,Graduate,No,3159,0.0,100.0,360.0,1.0,Semiurban,Y,4.605170185988092
Male,Yes,2,Graduate,No,4865,5624.0,208.0,360.0,1.0,Semiurban,Y,5.337538079701318
Male,Yes,1,Not Graduate,No,4050,5302.0,138.0,360.0,1.0,Rural,N,4.927253685157205
Male,Yes,0,Not Graduate,No,3814,1483.0,124.0,300.0,1.0,Semiurban,Y,4.820281565605037
Male,Yes,2,Graduate,No,3510,4416.0,243.0,360.0,1.0,Rural,Y,5.493061443340548
Male,Yes,0,Graduate,No,20833,6667.0,480.0,360.0,1.0,Urban,Y,6.173786103901937
Male,No,0,Graduate,No,3583,0.0,96.0,360.0,1.0,Urban,N,4.564348191467836
Male,Yes,0,Graduate,Yes,2479,3013.0,188.0,360.0,1.0,Urban,Y,5.236441962829949
Female,No,1,Graduate,No,13262,0.0,40.0,360.0,1.0,Urban,Y,3.6888794541139363
Male,No,0,Not Graduate,No,3598,1287.0,100.0,360.0,1.0,Rural,N,4.605170185988092
Male,Yes,1,Graduate,No,6065,2004.0,250.0,360.0,1.0,Semiurban,Y,5.521460917862246
Male,Yes,2,Graduate,No,3283,2035.0,148.0,360.0,1.0,Urban,Y,4.997212273764115
Male,Yes,0,Graduate,No,2130,6666.0,70.0,180.0,1.0,Semiurban,N,4.248495242049359
Male,No,0,Graduate,No,5815,3666.0,311.0,360.0,1.0,Rural,N,5.739792912179234
Male,Yes,3+,Graduate,No,3466,3428.0,150.0,360.0,1.0,Rural,Y,5.0106352940962555
Female,Yes,2,Graduate,No,2031,1632.0,113.0,480.0,1.0,Semiurban,Y,4.727387818712341
Male,Yes,0,Not Graduate,No,3074,1800.0,123.0,360.0,0.0,Semiurban,N,4.812184355372417
Male,No,0,Graduate,No,4683,1915.0,185.0,360.0,1.0,Semiurban,N,5.220355825078324
Female,No,0,Not Graduate,No,3400,0.0,95.0,360.0,1.0,Rural,N,4.553876891600541
Male,Yes,2,Not Graduate,No,2192,1742.0,45.0,360.0,1.0,Semiurban,Y,3.8066624897703196
Male,No,0,Graduate,No,2500,0.0,55.0,360.0,1.0,Semiurban,Y,4.007333185232471
Male,Yes,3+,Graduate,Yes,5677,1424.0,100.0,360.0,1.0,Rural,Y,4.605170185988092
Male,Yes,2,Graduate,Yes,7948,7166.0,480.0,360.0,1.0,Rural,Y,6.173786103901937
Male,No,0,Graduate,No,4680,2087.0,128.0,360.0,1.0,Semiurban,N,4.852030263919617
Male,Yes,2,Graduate,Yes,17500,0.0,400.0,360.0,1.0,Rural,Y,5.991464547107982
Male,Yes,0,Graduate,No,3775,0.0,110.0,360.0,1.0,Semiurban,Y,4.700480365792417
Male,Yes,1,Not Graduate,No,5285,1430.0,161.0,360.0,0.0,Semiurban,Y,5.081404364984463
Male,No,1,Not Graduate,No,2679,1302.0,94.0,360.0,1.0,Semiurban,Y,4.543294782270004
Male,No,0,Not Graduate,No,6783,0.0,130.0,360.0,1.0,Semiurban,Y,4.867534450455582
Male,Yes,0,Graduate,No,1025,5500.0,216.0,360.0,1.0,Rural,Y,5.375278407684165
Male,Yes,3+,Graduate,No,4281,0.0,100.0,360.0,1.0,Urban,Y,4.605170185988092
Male,No,2,Graduate,No,3588,0.0,110.0,360.0,0.0,Rural,N,4.700480365792417
Male,No,1,Graduate,No,11250,0.0,196.0,360.0,1.0,Semiurban,N,5.278114659230517
Female,No,0,Not Graduate,Yes,18165,0.0,125.0,360.0,1.0,Urban,Y,4.8283137373023015
Male,No,0,Not Graduate,No,2550,2042.0,126.0,360.0,1.0,Rural,Y,4.836281906951478
Male,Yes,0,Graduate,No,6133,3906.0,324.0,360.0,1.0,Urban,Y,5.780743515792329
Male,No,2,Graduate,No,3617,0.0,107.0,360.0,1.0,Semiurban,Y,4.672828834461906
Male,Yes,0,Not Graduate,No,2917,536.0,66.0,360.0,1.0,Rural,N,4.189654742026425
Male,Yes,3+,Graduate,No,6417,0.0,157.0,180.0,1.0,Rural,Y,5.056245805348308
Female,Yes,1,Graduate,No,4608,2845.0,140.0,180.0,1.0,Semiurban,Y,4.941642422609304
Female,No,0,Graduate,No,2138,0.0,99.0,360.0,0.0,Semiurban,N,4.59511985013459
Female,No,1,Graduate,No,3652,0.0,95.0,360.0,1.0,Semiurban,Y,4.553876891600541
Male,Yes,1,Not Graduate,No,2239,2524.0,128.0,360.0,1.0,Urban,Y,4.852030263919617
Female,Yes,0,Not Graduate,No,3017,663.0,102.0,360.0,1.0,Semiurban,Y,4.624972813284271
Male,Yes,0,Graduate,No,2768,1950.0,155.0,360.0,1.0,Rural,Y,5.043425116919247
Male,No,0,Not Graduate,No,3358,0.0,80.0,36.0,1.0,Semiurban,N,4.382026634673881
Male,No,0,Graduate,No,2526,1783.0,145.0,360.0,1.0,Rural,Y,4.976733742420574
Female,No,0,Graduate,No,5000,0.0,103.0,360.0,0.0,Semiurban,N,4.634728988229636
Male,Yes,0,Graduate,No,2785,2016.0,110.0,360.0,1.0,Rural,Y,4.700480365792417
Male,Yes,2,Graduate,Yes,6633,0.0,128.0,360.0,0.0,Rural,N,4.852030263919617
Male,Yes,1,Not Graduate,No,2492,2375.0,128.0,360.0,1.0,Rural,Y,4.852030263919617
Male,Yes,1,Graduate,No,3333,3250.0,158.0,360.0,1.0,Urban,Y,5.062595033026967
Male,Yes,0,Not Graduate,No,2454,2333.0,181.0,360.0,0.0,Urban,N,5.198497031265826
Male,Yes,0,Graduate,No,3593,4266.0,132.0,180.0,0.0,Rural,N,4.882801922586371
Male,Yes,1,Graduate,No,5468,1032.0,26.0,360.0,1.0,Semiurban,Y,3.258096538021482
Female,No,0,Graduate,No,2667,1625.0,84.0,360.0,1.0,Urban,Y,4.430816798843313
Male,Yes,3+,Graduate,Yes,10139,0.0,260.0,360.0,1.0,Semiurban,Y,5.560681631015528
Male,Yes,0,Graduate,No,3887,2669.0,162.0,360.0,1.0,Semiurban,Y,5.087596335232384
Female,Yes,0,Graduate,No,4180,2306.0,182.0,360.0,1.0,Semiurban,Y,5.204006687076795
Male,Yes,2,Not Graduate,No,3675,242.0,108.0,360.0,1.0,Semiurban,Y,4.68213122712422
Female,Yes,1,Graduate,Yes,19484,0.0,600.0,360.0,1.0,Semiurban,Y,6.396929655216146
Male,Yes,0,Graduate,No,5923,2054.0,211.0,360.0,1.0,Rural,Y,5.351858133476067
Male,No,0,Not Graduate,Yes,5800,0.0,132.0,360.0,1.0,Semiurban,Y,4.882801922586371
Male,Yes,2,Graduate,No,8799,0.0,258.0,360.0,0.0,Urban,N,5.552959584921617
Male,Yes,0,Not Graduate,No,4467,0.0,120.0,360.0,1.0,Rural,Y,4.787491742782046
Male,No,0,Graduate,No,3333,0.0,70.0,360.0,1.0,Urban,Y,4.248495242049359
Male,Yes,3+,Graduate,No,3400,2500.0,123.0,360.0,0.0,Rural,N,4.812184355372417
Female,No,0,Graduate,No,2378,0.0,9.0,360.0,1.0,Urban,N,2.1972245773362196
Male,Yes,0,Graduate,No,3166,2064.0,104.0,360.0,0.0,Urban,N,4.6443908991413725
Male,Yes,1,Graduate,No,3417,1750.0,186.0,360.0,1.0,Urban,Y,5.225746673713202
Male,Yes,0,Graduate,No,5116,1451.0,165.0,360.0,0.0,Urban,N,5.10594547390058
Male,Yes,2,Graduate,No,16666,0.0,275.0,360.0,1.0,Urban,Y,5.616771097666572
Male,Yes,2,Not Graduate,No,6125,1625.0,187.0,480.0,1.0,Semiurban,N,5.231108616854587
Male,Yes,3+,Graduate,No,6406,0.0,150.0,360.0,1.0,Semiurban,N,5.0106352940962555
Male,Yes,2,Graduate,No,3159,461.0,108.0,84.0,1.0,Urban,Y,4.68213122712422
Male,Yes,0,Graduate,No,3087,2210.0,136.0,360.0,0.0,Semiurban,N,4.912654885736052
Male,No,0,Graduate,No,3229,2739.0,110.0,360.0,1.0,Urban,Y,4.700480365792417
Male,Yes,1,Graduate,No,1782,2232.0,107.0,360.0,1.0,Rural,Y,4.672828834461906
Male,No,0,Graduate,No,3182,2917.0,161.0,360.0,1.0,Urban,Y,5.081404364984463
Male,Yes,2,Graduate,No,6540,0.0,205.0,360.0,1.0,Semiurban,Y,5.3230099791384085
Male,No,0,Graduate,No,1836,33837.0,90.0,360.0,1.0,Urban,N,4.499809670330265
Female,Yes,0,Graduate,No,3166,0.0,36.0,360.0,1.0,Semiurban,Y,3.58351893845611
Male,Yes,1,Graduate,No,1880,0.0,61.0,360.0,1.0,Rural,N,4.110873864173311
Male,Yes,1,Graduate,No,2787,1917.0,146.0,360.0,0.0,Rural,N,4.983606621708336
Male,Yes,1,Graduate,No,4283,3000.0,172.0,84.0,1.0,Rural,N,5.147494476813453
Male,Yes,0,Graduate,No,2297,1522.0,104.0,360.0,1.0,Urban,Y,4.6443908991413725
Female,No,0,Not Graduate,No,2165,0.0,70.0,360.0,1.0,Semiurban,Y,4.248495242049359
Male,No,0,Graduate,No,4750,0.0,94.0,360.0,1.0,Semiurban,Y,4.543294782270004
Male,Yes,2,Graduate,Yes,2726,0.0,106.0,360.0,0.0,Semiurban,N,4.663439094112067
Male,Yes,0,Graduate,No,3000,3416.0,56.0,180.0,1.0,Semiurban,Y,4.02535169073515
Male,Yes,2,Graduate,Yes,6000,0.0,205.0,240.0,1.0,Semiurban,N,5.3230099791384085
Male,No,3+,Graduate,Yes,9357,0.0,292.0,360.0,1.0,Semiurban,Y,5.676753802268282
Male,Yes,0,Graduate,No,3859,3300.0,142.0,180.0,1.0,Rural,Y,4.955827057601261
Male,Yes,0,Graduate,Yes,16120,0.0,260.0,360.0,1.0,Urban,Y,5.560681631015528
Male,No,0,Not Graduate,No,3833,0.0,110.0,360.0,1.0,Rural,Y,4.700480365792417
Male,Yes,2,Not Graduate,Yes,6383,1000.0,187.0,360.0,1.0,Rural,N,5.231108616854587
Male,No,0,Graduate,No,2987,0.0,88.0,360.0,0.0,Semiurban,N,4.477336814478207
Male,Yes,0,Graduate,Yes,9963,0.0,180.0,360.0,1.0,Rural,Y,5.19295685089021
Male,Yes,2,Graduate,No,5780,0.0,192.0,360.0,1.0,Urban,Y,5.2574953720277815
Female,No,3+,Graduate,No,416,41667.0,350.0,180.0,1.0,Urban,N,5.857933154483459
Male,Yes,0,Not Graduate,No,2894,2792.0,155.0,360.0,1.0,Rural,Y,5.043425116919247
Male,Yes,3+,Graduate,No,5703,0.0,128.0,360.0,1.0,Urban,Y,4.852030263919617
Male,No,0,Graduate,No,3676,4301.0,172.0,360.0,1.0,Rural,Y,5.147494476813453
Female,Yes,1,Graduate,No,12000,0.0,496.0,360.0,1.0,Semiurban,Y,6.206575926724928
Male,Yes,0,Not Graduate,No,2400,3800.0,128.0,180.0,1.0,Urban,N,4.852030263919617
Male,Yes,1,Graduate,No,3400,2500.0,173.0,360.0,1.0,Semiurban,Y,5.153291594497779
Male,Yes,2,Not Graduate,No,3987,1411.0,157.0,360.0,1.0,Rural,Y,5.056245805348308
Male,Yes,0,Graduate,No,3232,1950.0,108.0,360.0,1.0,Rural,Y,4.68213122712422
Female,No,0,Graduate,No,2900,0.0,71.0,360.0,1.0,Rural,Y,4.2626798770413155
Male,Yes,3+,Graduate,No,4106,0.0,40.0,180.0,1.0,Rural,Y,3.6888794541139363
Male,Yes,1,Graduate,No,8072,240.0,253.0,360.0,1.0,Urban,Y,5.53338948872752
Male,Yes,2,Graduate,No,7583,0.0,187.0,360.0,1.0,Urban,Y,5.231108616854587
Female,No,0,Graduate,Yes,4583,0.0,133.0,360.0,0.0,Semiurban,N,4.890349128221754
Male,Yes,0,Graduate,No,5720,0.0,110.0,360.0,1.0,Urban,N,4.700480365792417
Male,Yes,1,Graduate,No,3076,1500.0,126.0,360.0,1.0,Urban,N,4.836281906951478
Male,Yes,2,Graduate,No,5000,1800.0,208.0,360.0,1.0,Urban,N,5.337538079701318
Male,Yes,2,Graduate,No,2340,2546.0,100.0,360.0,1.0,Urban,N,4.605170185988092
Male,No,0,Not Graduate,No,3276,0.0,78.0,360.0,1.0,Urban,N,4.356708826689592
Male,Yes,0,Not Graduate,Yes,2165,3422.0,152.0,360.0,1.0,Urban,N,5.0238805208462765
Female,No,1,Not Graduate,No,2226,0.0,59.0,360.0,1.0,Semiurban,N,4.07753744390572
Male,Yes,2,Not Graduate,No,3881,0.0,147.0,360.0,0.0,Rural,N,4.990432586778736
Male,Yes,2,Graduate,No,13633,0.0,280.0,240.0,1.0,Urban,N,5.634789603169249
Male,No,0,Not Graduate,No,2400,2400.0,123.0,360.0,1.0,Semiurban,N,4.812184355372417
Male,No,0,Not Graduate,No,3091,0.0,90.0,360.0,1.0,Urban,N,4.499809670330265
Male,Yes,1,Graduate,No,2185,1516.0,162.0,360.0,1.0,Semiurban,N,5.087596335232384
Male,No,3+,Graduate,No,4166,0.0,40.0,180.0,1.0,Urban,N,3.6888794541139363
Male,Yes,2,Graduate,No,12173,0.0,166.0,360.0,0.0,Semiurban,N,5.111987788356544
Female,No,0,Graduate,No,4666,0.0,124.0,360.0,1.0,Semiurban,N,4.820281565605037
Male,No,1,Graduate,No,5667,0.0,131.0,360.0,1.0,Urban,N,4.875197323201151
Male,Yes,2,Graduate,No,4583,2916.0,200.0,360.0,1.0,Urban,N,5.298317366548036
Male,Yes,3+,Graduate,No,3786,333.0,126.0,360.0,1.0,Semiurban,N,4.836281906951478
Male,Yes,0,Graduate,No,9226,7916.0,300.0,360.0,1.0,Urban,N,5.703782474656201
Male,No,0,Graduate,No,1300,3470.0,100.0,180.0,1.0,Semiurban,N,4.605170185988092
Male,Yes,1,Not Graduate,No,1888,1620.0,48.0,360.0,1.0,Urban,N,3.871201010907891
Female,No,3+,Not Graduate,No,2083,0.0,28.0,180.0,1.0,Urban,N,3.332204510175204
Male,No,0,Graduate,No,3909,0.0,101.0,360.0,1.0,Urban,N,4.61512051684126
Female,No,0,Not Graduate,No,3765,0.0,125.0,360.0,1.0,Urban,N,4.8283137373023015
Male,Yes,0,Graduate,No,5400,4380.0,290.0,360.0,1.0,Urban,N,5.66988092298052
Male,No,0,Graduate,No,0,24000.0,148.0,360.0,0.0,Rural,N,4.997212273764115
Male,Yes,2,Graduate,No,4363,1250.0,140.0,360.0,1.0,Urban,N,4.941642422609304
Male,Yes,0,Graduate,No,7500,3750.0,275.0,360.0,1.0,Urban,N,5.616771097666572
Male,Yes,0,Graduate,No,3772,833.0,57.0,360.0,1.0,Semiurban,N,4.04305126783455
Male,No,0,Graduate,No,2942,2382.0,125.0,180.0,1.0,Urban,N,4.8283137373023015
Female,No,0,Not Graduate,No,2478,0.0,75.0,360.0,1.0,Semiurban,N,4.31748811353631
Male,Yes,2,Graduate,No,6250,820.0,192.0,360.0,1.0,Urban,N,5.2574953720277815
Male,No,0,Graduate,No,3268,1683.0,152.0,360.0,1.0,Semiurban,N,5.0238805208462765
Male,Yes,0,Graduate,No,2783,2708.0,158.0,360.0,1.0,Urban,N,5.062595033026967
Male,Yes,0,Graduate,No,2740,1541.0,101.0,360.0,1.0,Urban,N,4.61512051684126
Male,No,0,Graduate,No,3150,0.0,176.0,360.0,0.0,Semiurban,N,5.170483995038151
Male,Yes,2,Graduate,No,7350,4029.0,185.0,180.0,1.0,Urban,N,5.220355825078324
Male,Yes,0,Graduate,Yes,2267,2792.0,90.0,360.0,1.0,Urban,N,4.499809670330265
Male,No,0,Graduate,Yes,5833,0.0,116.0,360.0,1.0,Urban,N,4.7535901911063645
Male,No,0,Graduate,No,3643,1963.0,138.0,360.0,1.0,Urban,N,4.927253685157205
Male,Yes,0,Graduate,No,5629,818.0,100.0,360.0,1.0,Urban,N,4.605170185988092
Female,No,0,Graduate,No,3644,0.0,110.0,360.0,1.0,Urban,N,4.700480365792417
Male,Yes,0,Not Graduate,No,1750,2024.0,90.0,360.0,1.0,Semiurban,N,4.499809670330265
Male,No,0,Graduate,No,6500,2600.0,200.0,360.0,1.0,Semiurban,N,5.298317366548036
Female,No,0,Graduate,No,3666,0.0,84.0,360.0,1.0,Urban,N,4.430816798843313
Male,Yes,0,Graduate,No,4260,3900.0,185.0,360.0,1.0,Urban,N,5.220355825078324
Male,Yes,0,Not Graduate,No,4163,1475.0,162.0,360.0,1.0,Urban,N,5.087596335232384
Male,No,0,Not Graduate,No,2356,1902.0,108.0,360.0,1.0,Semiurban,N,4.68213122712422
Male,No,0,Graduate,No,6792,3338.0,187.0,360.0,1.0,Urban,N,5.231108616854587
Male,Yes,3+,Not Graduate,Yes,8000,250.0,187.0,360.0,1.0,Semiurban,N,5.231108616854587
Male,Yes,1,Graduate,No,2419,1707.0,124.0,360.0,1.0,Urban,N,4.820281565605037
Male,Yes,3+,Not Graduate,No,3500,833.0,120.0,360.0,1.0,Semiurban,N,4.787491742782046
Male,Yes,1,Graduate,No,3500,3077.0,160.0,360.0,1.0,Semiurban,N,5.075173815233827
Male,Yes,2,Graduate,No,4116,1000.0,30.0,180.0,1.0,Urban,N,3.4011973816621555
Male,Yes,0,Not Graduate,Yes,5293,0.0,92.0,360.0,1.0,Urban,N,4.5217885770490405
Male,No,0,Graduate,No,2750,0.0,130.0,360.0,0.0,Urban,N,4.867534450455582
Female,No,0,Not Graduate,No,4402,0.0,130.0,360.0,1.0,Rural,N,4.867534450455582
Male,Yes,2,Graduate,No,3613,3539.0,134.0,180.0,1.0,Semiurban,N,4.897839799950911
Female,Yes,2,Graduate,No,2779,3664.0,176.0,360.0,0.0,Semiurban,N,5.170483995038151
Male,Yes,3+,Graduate,No,4720,0.0,90.0,180.0,1.0,Semiurban,N,4.499809670330265
Male,Yes,0,Not Graduate,No,2415,1721.0,110.0,360.0,1.0,Semiurban,N,4.700480365792417
Male,Yes,0,Graduate,Yes,7016,292.0,125.0,360.0,1.0,Urban,N,4.8283137373023015
Female,No,2,Graduate,No,4968,0.0,189.0,360.0,1.0,Semiurban,N,5.241747015059643
Female,No,0,Graduate,No,2101,1500.0,108.0,360.0,0.0,Rural,N,4.68213122712422
Male,Yes,3+,Not Graduate,No,4490,0.0,125.0,360.0,1.0,Urban,N,4.8283137373023015
Male,Yes,0,Graduate,No,2917,3583.0,138.0,360.0,1.0,Semiurban,N,4.927253685157205
Male,Yes,0,Not Graduate,No,4700,0.0,135.0,360.0,0.0,Semiurban,N,4.90527477843843
Male,Yes,0,Graduate,No,3445,0.0,130.0,360.0,0.0,Semiurban,N,4.867534450455582
Male,Yes,0,Graduate,No,7666,0.0,187.0,360.0,1.0,Semiurban,N,5.231108616854587
Male,Yes,0,Graduate,No,2458,5105.0,188.0,360.0,0.0,Rural,N,5.236441962829949
Female,No,0,Graduate,No,3250,0.0,95.0,360.0,1.0,Semiurban,N,4.553876891600541
Male,No,0,Graduate,No,4463,0.0,65.0,360.0,1.0,Semiurban,N,4.174387269895637
Male,Yes,1,Graduate,No,4083,1775.0,139.0,60.0,1.0,Urban,N,4.9344739331306915
Male,Yes,0,Graduate,Yes,3900,2094.0,232.0,360.0,1.0,Rural,N,5.44673737166631
Male,Yes,0,Not Graduate,No,4750,3583.0,144.0,360.0,1.0,Semiurban,N,4.969813299576001
Male,No,0,Graduate,No,3583,3435.0,155.0,360.0,1.0,Urban,N,5.043425116919247
Male,Yes,0,Graduate,No,3189,2367.0,186.0,360.0,1.0,Urban,N,5.225746673713202
Male,No,0,Graduate,Yes,6356,0.0,50.0,360.0,1.0,Rural,N,3.912023005428146
Male,Yes,1,Graduate,No,3413,4053.0,128.0,360.0,1.0,Semiurban,N,4.852030263919617
Female,Yes,0,Graduate,No,7950,0.0,185.0,360.0,1.0,Urban,N,5.220355825078324
Male,Yes,3+,Graduate,No,3829,1103.0,163.0,360.0,0.0,Urban,N,5.093750200806762
Male,Yes,3+,Graduate,No,72529,0.0,360.0,360.0,1.0,Urban,N,5.886104031450156
Male,Yes,2,Not Graduate,No,4136,0.0,149.0,480.0,0.0,Rural,N,5.003946305945459
Male,Yes,0,Graduate,No,8449,0.0,257.0,360.0,1.0,Rural,N,5.54907608489522
Male,Yes,0,Graduate,No,4456,0.0,131.0,180.0,0.0,Semiurban,N,4.875197323201151
Male,Yes,2,Graduate,No,4635,8000.0,102.0,180.0,1.0,Rural,N,4.624972813284271
Male,Yes,0,Graduate,No,3571,1917.0,135.0,360.0,1.0,Urban,N,4.90527477843843
Male,No,0,Graduate,No,3066,0.0,95.0,360.0,1.0,Semiurban,N,4.553876891600541
Male,No,2,Not Graduate,No,3235,2015.0,77.0,360.0,1.0,Semiurban,N,4.343805421853684
Female,No,0,Graduate,No,5058,0.0,200.0,360.0,1.0,Rural,N,5.298317366548036
Male,Yes,0,Graduate,Yes,3188,2286.0,130.0,360.0,1.0,Rural,N,4.867534450455582
Male,Yes,3+,Graduate,No,13518,0.0,390.0,360.0,1.0,Rural,N,5.966146739123692
Male,Yes,1,Graduate,No,4364,2500.0,185.0,360.0,1.0,Semiurban,N,5.220355825078324
Male,Yes,2,Not Graduate,No,4766,1646.0,100.0,360.0,1.0,Semiurban,N,4.605170185988092
Male,Yes,1,Graduate,No,4609,2333.0,123.0,360.0,0.0,Semiurban,N,4.812184355372417
Female,Yes,3+,Graduate,No,6260,0.0,110.0,360.0,1.0,Semiurban,N,4.700480365792417
Male,Yes,1,Graduate,No,3333,4200.0,256.0,360.0,1.0,Urban,N,5.545177444479562
Male,Yes,0,Graduate,No,3500,3250.0,140.0,360.0,1.0,Semiurban,N,4.941642422609304
Male,Yes,3+,Graduate,No,9719,0.0,61.0,360.0,1.0,Urban,N,4.110873864173311
Male,Yes,3+,Graduate,No,6835,0.0,188.0,360.0,1.0,Semiurban,N,5.236441962829949
Male,No,0,Graduate,No,4452,0.0,131.0,360.0,1.0,Rural,N,4.875197323201151
Female,Yes,0,Graduate,No,2262,0.0,128.0,480.0,0.0,Semiurban,N,4.852030263919617
Male,Yes,1,Graduate,No,3901,0.0,116.0,360.0,1.0,Urban,N,4.7535901911063645
Male,Yes,2,Not Graduate,No,2687,0.0,50.0,180.0,1.0,Rural,N,3.912023005428146
Male,No,0,Graduate,No,2243,2233.0,107.0,360.0,1.0,Semiurban,N,4.672828834461906
Female,Yes,0,Graduate,No,3417,1287.0,200.0,360.0,1.0,Semiurban,N,5.298317366548036
Male,No,0,Graduate,No,1596,1760.0,119.0,360.0,0.0,Urban,N,4.77912349311153
Male,Yes,3+,Graduate,No,4513,0.0,120.0,360.0,1.0,Rural,N,4.787491742782046
Male,Yes,0,Graduate,No,4500,0.0,140.0,360.0,1.0,Semiurban,N,4.941642422609304
Male,Yes,0,Not Graduate,No,4523,1350.0,165.0,360.0,1.0,Urban,N,5.10594547390058
Female,No,0,Graduate,Yes,4742,0.0,108.0,360.0,1.0,Semiurban,N,4.68213122712422
Male,Yes,0,Graduate,No,4082,0.0,93.0,360.0,1.0,Semiurban,N,4.532599493153256
Female,No,0,Graduate,No,3417,0.0,102.0,360.0,1.0,Urban,N,4.624972813284271
Female,Yes,2,Graduate,No,2922,3396.0,122.0,360.0,1.0,Semiurban,N,4.804021044733257
Male,Yes,0,Graduate,No,4167,4754.0,160.0,360.0,1.0,Rural,N,5.075173815233827
Male,No,3+,Graduate,No,4243,4123.0,157.0,360.0,1.0,Semiurban,N,5.056245805348308
Female,No,0,Not Graduate,No,0,1760.0,180.0,360.0,1.0,Semiurban,N,5.19295685089021
Male,Yes,1,Graduate,No,1516,2900.0,80.0,360.0,0.0,Rural,N,4.382026634673881
Female,No,0,Graduate,No,1762,2666.0,104.0,360.0,0.0,Urban,N,4.6443908991413725
Male,Yes,2,Graduate,No,724,3510.0,213.0,360.0,0.0,Rural,N,5.3612921657094255
Male,No,0,Graduate,No,3125,0.0,65.0,360.0,1.0,Urban,N,4.174387269895637
Male,Yes,0,Graduate,No,2333,3803.0,146.0,360.0,1.0,Rural,N,4.983606621708336
Male,Yes,3+,Graduate,No,3350,1560.0,135.0,360.0,1.0,Urban,N,4.90527477843843
Male,No,0,Graduate,No,2500,6414.0,187.0,360.0,0.0,Rural,N,5.231108616854587
Female,No,0,Graduate,No,12500,0.0,300.0,360.0,0.0,Urban,N,5.703782474656201
Male,No,0,Graduate,No,4667,0.0,120.0,360.0,1.0,Semiurban,N,4.787491742782046
Male,No,0,Graduate,No,6500,0.0,71.0,360.0,0.0,Urban,N,4.2626798770413155
Male,Yes,2,Graduate,No,7500,0.0,225.0,360.0,1.0,Urban,N,5.41610040220442
Male,No,0,Graduate,No,3073,0.0,70.0,180.0,1.0,Urban,N,4.248495242049359
Male,Yes,1,Not Graduate,No,3321,2088.0,70.0,360.0,1.0,Semiurban,N,4.248495242049359
Male,Yes,0,Graduate,No,3333,1270.0,124.0,360.0,1.0,Urban,N,4.820281565605037
Male,No,0,Graduate,No,3391,0.0,132.0,360.0,1.0,Rural,N,4.882801922586371
Male,Yes,1,Graduate,Yes,3343,1517.0,105.0,360.0,1.0,Rural,N,4.653960350157523
Female,No,1,Graduate,No,3620,0.0,90.0,360.0,1.0,Urban,N,4.499809670330265
Male,No,0,Graduate,No,4000,0.0,83.0,84.0,1.0,Urban,N,4.418840607796598
Male,Yes,0,Graduate,No,4258,0.0,125.0,360.0,1.0,Urban,N,4.8283137373023015
Male,Yes,2,Graduate,No,4500,0.0,147.0,360.0,1.0,Rural,N,4.990432586778736
Male,Yes,1,Graduate,No,2014,2925.0,120.0,360.0,1.0,Rural,N,4.787491742782046
Male,No,0,Graduate,No,3333,1250.0,110.0,360.0,1.0,Semiurban,N,4.700480365792417
Female,No,3+,Graduate,No,4083,0.0,103.0,360.0,1.0,Semiurban,N,4.634728988229636
Male,No,0,Graduate,No,4727,0.0,150.0,360.0,0.0,Rural,N,5.0106352940962555
Male,Yes,3+,Graduate,No,3089,2999.0,100.0,240.0,1.0,Rural,N,4.605170185988092
Male,Yes,3+,Not Graduate,No,6794,528.0,139.0,360.0,0.0,Urban,N,4.9344739331306915
Male,Yes,0,Graduate,Yes,32000,0.0,550.0,360.0,1.0,Semiurban,N,6.309918278226516
Male,Yes,2,Graduate,Yes,10890,0.0,260.0,12.0,1.0,Rural,N,5.560681631015528
Female,No,0,Graduate,No,12941,0.0,150.0,300.0,1.0,Urban,N,5.0106352940962555
Male,No,0,Not Graduate,No,3276,0.0,90.0,360.0,1.0,Semiurban,N,4.499809670330265
Male,No,0,Not Graduate,Yes,8703,0.0,199.0,360.0,0.0,Rural,N,5.293304824724492
Male,Yes,1,Graduate,No,4742,717.0,139.0,360.0,1.0,Semiurban,N,4.9344739331306915
Male,No,0,Graduate,No,5900,0.0,150.0,360.0,1.0,Urban,N,5.0106352940962555
Male,No,0,Graduate,No,3071,4309.0,180.0,360.0,1.0,Urban,N,5.19295685089021
Male,Yes,0,Graduate,No,2783,1456.0,113.0,360.0,1.0,Urban,N,4.727387818712341
Male,No,0,Graduate,No,5000,0.0,148.0,360.0,1.0,Rural,N,4.997212273764115
Male,Yes,1,Not Graduate,No,2463,2360.0,117.0,360.0,0.0,Urban,N,4.762173934797756
Male,Yes,2,Graduate,No,4855,0.0,72.0,360.0,1.0,Rural,N,4.276666119016055
Male,No,0,Not Graduate,Yes,1599,2474.0,125.0,300.0,1.0,Semiurban,N,4.8283137373023015
Male,Yes,2,Graduate,Yes,4246,4246.0,214.0,360.0,1.0,Urban,N,5.365976015021851
Male,Yes,0,Graduate,No,4333,2291.0,133.0,350.0,1.0,Rural,N,4.890349128221754
Male,No,1,Graduate,No,5823,2529.0,187.0,360.0,1.0,Semiurban,N,5.231108616854587
Male,Yes,0,Not Graduate,No,7895,0.0,143.0,360.0,1.0,Rural,N,4.962844630259907
Male,No,0,Graduate,No,4150,4256.0,209.0,360.0,1.0,Rural,N,5.342334251964811
Male,No,0,Graduate,No,2964,0.0,84.0,360.0,0.0,Semiurban,N,4.430816798843313
Male,No,0,Graduate,No,5583,0.0,116.0,360.0,1.0,Urban,N,4.7535901911063645
Female,No,0,Graduate,No,2708,0.0,65.0,360.0,1.0,Rural,N,4.174387269895637
Male,No,1,Graduate,No,3180,2370.0,80.0,240.0,1.0,Rural,N,4.382026634673881
Male,No,0,Not Graduate,No,2268,0.0,170.0,360.0,0.0,Semiurban,N,5.135798437050262
Male,No,2,Not Graduate,No,1141,2017.0,120.0,360.0,0.0,Urban,N,4.787491742782046
Male,Yes,0,Graduate,No,3042,3167.0,135.0,360.0,1.0,Urban,N,4.90527477843843
Female,Yes,3+,Graduate,No,1750,2935.0,94.0,360.0,0.0,Semiurban,N,4.543294782270004
Female,Yes,1,Graduate,No,3564,0.0,79.0,360.0,1.0,Rural,N,4.3694478524670215
Female,No,0,Graduate,No,3958,0.0,110.0,360.0,1.0,Rural,N,4.700480365792417
Male,Yes,2,Not Graduate,No,4483,0.0,130.0,360.0,1.0,Rural,N,4.867534450455582
Male,Yes,0,Graduate,No,5225,0.0,143.0,360.0,1.0,Rural,N,4.962844630259907
Male,No,0,Graduate,No,3017,2845.0,159.0,180.0,0.0,Urban,N,5.0689042022202315
Male,Yes,0,Not Graduate,No,2431,1820.0,110.0,360.0,0.0,Rural,N,4.700480365792417
Male,Yes,2,Graduate,No,4912,4614.0,160.0,360.0,1.0,Rural,N,5.075173815233827
Male,Yes,2,Not Graduate,No,2500,3333.0,131.0,360.0,1.0,Urban,N,4.875197323201151
Female,No,0,Graduate,No,2918,0.0,65.0,360.0,1.0,Rural,N,4.174387269895637
Male,Yes,2,Graduate,No,5128,0.0,143.0,360.0,1.0,Rural,N,4.962844630259907
Male,Yes,3+,Graduate,No,15312,0.0,187.0,360.0,1.0,Urban,N,5.231108616854587
Male,Yes,2,Graduate,No,3958,2632.0,160.0,360.0,1.0,Semiurban,N,5.075173815233827
Male,Yes,0,Graduate,No,4334,2945.0,165.0,360.0,1.0,Semiurban,N,5.10594547390058
Male,Yes,2,Graduate,No,4358,0.0,110.0,360.0,1.0,Urban,N,4.700480365792417
Female,Yes,1,Graduate,No,4000,3917.0,173.0,360.0,1.0,Rural,N,5.153291594497779
Male,Yes,3+,Graduate,No,10166,750.0,150.0,360.0,1.0,Urban,N,5.0106352940962555
Male,Yes,0,Not Graduate,No,4483,0.0,135.0,360.0,1.0,Semiurban,N,4.90527477843843
Male,Yes,2,Not Graduate,No,4521,1184.0,150.0,360.0,1.0,Semiurban,N,5.0106352940962555
Male,Yes,2,Graduate,No,9167,0.0,235.0,360.0,1.0,Semiurban,N,5.459585514144159
Male,Yes,0,Not Graduate,No,13083,0.0,128.0,360.0,1.0,Rural,N,4.852030263919617
Male,Yes,2,Graduate,No,7874,3967.0,336.0,360.0,1.0,Rural,N,5.817111159963204
Female,Yes,1,Graduate,No,4333,0.0,132.0,84.0,1.0,Rural,N,4.882801922586371
Male,No,0,Graduate,No,4083,0.0,96.0,360.0,1.0,Urban,N,4.564348191467836
Male,Yes,2,Not Graduate,No,3785,2912.0,180.0,360.0,0.0,Rural,N,5.19295685089021
Male,Yes,3+,Not Graduate,No,2654,1998.0,128.0,360.0,0.0,Rural,N,4.852030263919617
Male,Yes,1,Graduate,No,10000,2690.0,412.0,360.0,1.0,Semiurban,N,6.021023349349527
Male,No,0,Graduate,Yes,5833,0.0,116.0,360.0,1.0,Urban,N,4.7535901911063645
Male,Yes,1,Graduate,No,4796,0.0,114.0,360.0,0.0,Semiurban,N,4.736198448394496
Male,Yes,0,Not Graduate,No,2000,1600.0,115.0,360.0,1.0,Rural,N,4.74493212836325
Male,Yes,2,Graduate,No,2540,700.0,104.0,360.0,0.0,Urban,N,4.6443908991413725
Male,Yes,0,Graduate,Yes,1900,1442.0,88.0,360.0,1.0,Rural,N,4.477336814478207
Male,Yes,0,Graduate,Yes,8706,0.0,108.0,480.0,1.0,Rural,N,4.68213122712422
Male,Yes,3+,Not Graduate,No,2855,542.0,90.0,360.0,1.0,Urban,N,4.499809670330265
Male,Yes,0,Graduate,No,3016,1300.0,100.0,360.0,1.0,Urban,N,4.605170185988092
Female,Yes,0,Graduate,No,3159,2374.0,108.0,360.0,1.0,Semiurban,N,4.68213122712422
Female,No,0,Graduate,No,1937,1152.0,78.0,360.0,1.0,Semiurban,N,4.356708826689592
Male,Yes,0,Graduate,No,2613,2417.0,123.0,360.0,1.0,Semiurban,N,4.812184355372417
Male,Yes,1,Graduate,No,4960,2600.0,187.0,360.0,1.0,Semiurban,N,5.231108616854587
Male,Yes,1,Graduate,No,3074,1083.0,146.0,360.0,1.0,Semiurban,N,4.983606621708336
Female,No,0,Graduate,No,4213,0.0,80.0,360.0,1.0,Urban,N,4.382026634673881
Male,No,1,Not Graduate,No,2038,4027.0,100.0,360.0,1.0,Rural,N,4.605170185988092
Female,No,0,Graduate,No,2362,0.0,55.0,360.0,1.0,Urban,N,4.007333185232471
Male,No,0,Graduate,No,5333,2400.0,200.0,360.0,0.0,Rural,N,5.298317366548036
Male,Yes,3+,Graduate,Yes,5384,0.0,150.0,360.0,1.0,Semiurban,N,5.0106352940962555
Male,No,0,Graduate,No,5708,0.0,150.0,360.0,1.0,Rural,N,5.0106352940962555
Male,Yes,0,Not Graduate,No,3754,3719.0,118.0,360.0,1.0,Rural,N,4.770684624465665
Male,Yes,0,Not Graduate,No,2914,2130.0,150.0,300.0,1.0,Urban,N,5.0106352940962555
Male,Yes,0,Not Graduate,No,2747,2458.0,118.0,36.0,1.0,Semiurban,N,4.770684624465665
Male,Yes,0,Graduate,No,7830,2183.0,212.0,360.0,1.0,Rural,N,5.356586274672012
Male,Yes,1,Graduate,Yes,3507,3148.0,212.0,360.0,1.0,Rural,N,5.356586274672012
Male,Yes,1,Graduate,No,3747,2139.0,125.0,360.0,1.0,Urban,N,4.8283137373023015
Male,Yes,0,Graduate,No,2166,2166.0,108.0,360.0,1.0,Urban,N,4.68213122712422
Male,Yes,0,Not Graduate,No,3500,2168.0,149.0,360.0,1.0,Rural,N,5.003946305945459
Male,Yes,2,Not Graduate,No,2896,0.0,80.0,480.0,1.0,Urban,N,4.382026634673881
Female,No,1,Graduate,No,5062,0.0,152.0,300.0,1.0,Rural,N,5.0238805208462765
Female,No,2,Graduate,Yes,5184,0.0,187.0,360.0,0.0,Semiurban,N,5.231108616854587
Female,No,0,Graduate,No,2545,0.0,74.0,360.0,1.0,Urban,N,4.30406509320417
Male,Yes,0,Graduate,No,2553,1768.0,102.0,360.0,1.0,Urban,N,4.624972813284271
Male,Yes,1,Graduate,No,3436,3809.0,100.0,360.0,1.0,Rural,N,4.605170185988092
Male,No,0,Graduate,No,2412,2755.0,130.0,360.0,1.0,Rural,N,4.867534450455582
Male,Yes,3+,Not Graduate,No,5180,0.0,125.0,360.0,0.0,Urban,N,4.8283137373023015
Male,No,0,Graduate,No,14911,14507.0,130.0,360.0,1.0,Semiurban,N,4.867534450455582
Male,No,0,Graduate,Yes,2860,2988.0,138.0,360.0,1.0,Urban,N,4.927253685157205
Male,Yes,0,Graduate,No,1173,1594.0,28.0,180.0,1.0,Rural,N,3.332204510175204
Female,No,1,Graduate,No,7600,0.0,92.0,360.0,1.0,Semiurban,N,4.5217885770490405
Female,Yes,0,Graduate,No,2157,1788.0,104.0,360.0,1.0,Urban,N,4.6443908991413725
Male,No,0,Graduate,No,2231,2774.0,176.0,360.0,0.0,Urban,N,5.170483995038151
Female,No,0,Graduate,No,2274,5211.0,117.0,360.0,0.0,Semiurban,N,4.762173934797756
Male,Yes,2,Not Graduate,No,6166,13983.0,102.0,360.0,1.0,Rural,N,4.624972813284271
Male,Yes,2,Not Graduate,No,2513,1110.0,107.0,360.0,1.0,Semiurban,N,4.672828834461906
Male,No,0,Graduate,No,4333,0.0,66.0,480.0,1.0,Urban,N,4.189654742026425
Male,No,0,Not Graduate,No,3844,0.0,105.0,360.0,1.0,Urban,N,4.653960350157523
Male,Yes,0,Graduate,No,3887,1517.0,105.0,360.0,0.0,Semiurban,N,4.653960350157523
Male,Yes,0,Graduate,No,3510,828.0,105.0,360.0,1.0,Semiurban,N,4.653960350157523
Male,Yes,0,Graduate,No,2539,1704.0,125.0,360.0,0.0,Rural,N,4.8283137373023015
Female,No,0,Not Graduate,No,2107,0.0,64.0,360.0,1.0,Semiurban,N,4.1588830833596715
Male,Yes,0,Graduate,No,3186,3145.0,150.0,180.0,0.0,Semiurban,N,5.0106352940962555
Male,Yes,2,Graduate,Yes,5000,2166.0,150.0,360.0,1.0,Urban,N,5.0106352940962555
Male,Yes,0,Graduate,No,10000,0.0,128.0,360.0,1.0,Urban,N,4.852030263919617
Male,Yes,0,Not Graduate,Yes,3943,0.0,64.0,360.0,1.0,Semiurban,N,4.1588830833596715
Male,No,0,Graduate,No,2925,0.0,40.0,180.0,1.0,Rural,N,3.6888794541139363
Male,Yes,3+,Graduate,No,3242,437.0,142.0,480.0,0.0,Urban,N,4.955827057601261
Male,Yes,0,Graduate,No,3863,0.0,70.0,300.0,1.0,Semiurban,N,4.248495242049359
Female,No,1,Graduate,No,4028,0.0,131.0,360.0,1.0,Semiurban,N,4.875197323201151
Male,Yes,2,Graduate,No,4010,1025.0,120.0,360.0,1.0,Urban,N,4.787491742782046
Female,Yes,1,Graduate,No,3719,1585.0,114.0,360.0,1.0,Urban,N,4.736198448394496
Male,No,0,Graduate,No,2858,0.0,123.0,360.0,0.0,Rural,N,4.812184355372417
Female,Yes,0,Graduate,No,3833,0.0,92.0,360.0,1.0,Rural,N,4.5217885770490405
Male,Yes,0,Graduate,No,3333,4288.0,160.0,360.0,1.0,Urban,N,5.075173815233827
Male,Yes,0,Graduate,No,3007,3725.0,151.0,360.0,1.0,Rural,N,5.017279836814924
Female,No,1,Graduate,No,1850,4583.0,81.0,360.0,1.0,Rural,N,4.394449154672439
Male,Yes,3+,Not Graduate,No,2792,2619.0,171.0,360.0,1.0,Semiurban,N,5.14166355650266
Male,Yes,0,Graduate,No,2982,1550.0,110.0,360.0,1.0,Semiurban,N,4.700480365792417
Male,No,0,Graduate,No,3417,738.0,100.0,360.0,1.0,Rural,N,4.605170185988092
Male,Yes,1,Graduate,No,18840,0.0,234.0,360.0,1.0,Rural,N,5.455321115357702
Male,Yes,2,Graduate,No,2995,1120.0,184.0,360.0,1.0,Rural,N,5.214935757608986
Male,No,0,Graduate,No,3579,3308.0,138.0,360.0,1.0,Semiurban,N,4.927253685157205
Female,Yes,1,Not Graduate,No,3835,1400.0,112.0,480.0,0.0,Urban,N,4.718498871295094
Female,No,1,Not Graduate,No,3854,3575.0,117.0,360.0,1.0,Rural,N,4.762173934797756
Male,Yes,2,Graduate,No,5833,750.0,49.0,360.0,0.0,Rural,N,3.8918202981106265
Male,No,0,Graduate,No,3508,0.0,99.0,360.0,1.0,Rural,N,4.59511985013459
Female,Yes,3+,Not Graduate,No,1635,2444.0,99.0,360.0,1.0,Urban,N,4.59511985013459
Female,No,0,Graduate,Yes,3333,3916.0,212.0,360.0,1.0,Rural,N,5.356586274672012
Male,No,1,Graduate,No,24797,0.0,240.0,360.0,1.0,Semiurban,N,5.480638923341991
Male,Yes,2,Graduate,No,5667,440.0,130.0,360.0,0.0,Semiurban,N,4.867534450455582
Female,No,0,Graduate,No,3500,0.0,94.0,360.0,0.0,Semiurban,N,4.543294782270004
Male,Yes,3+,Graduate,No,2773,1497.0,108.0,360.0,1.0,Semiurban,N,4.68213122712422
Male,Yes,0,Graduate,No,6500,0.0,144.0,360.0,1.0,Urban,N,4.969813299576001
Female,No,0,Graduate,No,5769,0.0,110.0,180.0,1.0,Semiurban,N,4.700480365792417
Male,Yes,3+,Not Graduate,No,3634,910.0,176.0,360.0,0.0,Semiurban,N,5.170483995038151
Male,No,0,Graduate,No,29167,0.0,185.0,360.0,1.0,Semiurban,N,5.220355825078324
Male,No,0,Graduate,No,2166,2057.0,122.0,360.0,1.0,Semiurban,N,4.804021044733257
Male,Yes,0,Graduate,No,5000,0.0,126.0,360.0,1.0,Rural,N,4.836281906951478
Female,No,0,Graduate,No,5530,0.0,135.0,360.0,1.0,Urban,N,4.90527477843843
Male,No,0,Not Graduate,No,9000,0.0,122.0,360.0,1.0,Rural,N,4.804021044733257
Female,Yes,2,Graduate,No,10000,11666.0,460.0,360.0,1.0,Urban,N,6.131226489483141
Male,Yes,1,Graduate,No,8750,0.0,297.0,360.0,1.0,Urban,N,5.6937321388027
Male,Yes,0,Not Graduate,No,2157,2730.0,140.0,360.0,1.0,Rural,N,4.941642422609304
Male,No,0,Graduate,No,1972,4347.0,106.0,360.0,1.0,Rural,N,4.663439094112067
Male,No,0,Graduate,No,4983,0.0,141.0,360.0,1.0,Urban,N,4.948759890378168
Male,Yes,1,Graduate,No,8333,4000.0,128.0,360.0,1.0,Urban,N,4.852030263919617
Male,Yes,0,Graduate,No,3667,2000.0,170.0,360.0,1.0,Semiurban,N,5.135798437050262
Male,Yes,2,Graduate,No,3166,2833.0,145.0,360.0,1.0,Urban,N,4.976733742420574
Male,No,0,Not Graduate,No,3271,0.0,90.0,360.0,1.0,Rural,N,4.499809670330265
Female,Yes,0,Graduate,No,2241,2000.0,88.0,360.0,0.0,Urban,N,4.477336814478207
Male,Yes,1,Not Graduate,No,1792,2565.0,128.0,360.0,1.0,Urban,N,4.852030263919617
Female,Yes,0,Graduate,No,2666,0.0,84.0,480.0,1.0,Semiurban,N,4.430816798843313
Male,No,0,Graduate,No,6478,0.0,108.0,360.0,1.0,Semiurban,N,4.68213122712422
Male,No,0,Not Graduate,No,3808,0.0,83.0,360.0,1.0,Rural,N,4.418840607796598
Female,Yes,2,Not Graduate,No,3729,0.0,117.0,360.0,1.0,Semiurban,N,4.762173934797756
Male,Yes,2,Graduate,No,4120,0.0,128.0,360.0,1.0,Rural,N,4.852030263919617
Male,Yes,1,Graduate,Yes,7500,0.0,75.0,360.0,1.0,Urban,N,4.31748811353631
Male,Yes,1,Graduate,No,6300,0.0,125.0,360.0,0.0,Urban,N,4.8283137373023015
Female,No,0,Graduate,Yes,14987,0.0,177.0,360.0,1.0,Rural,N,5.176149732573829
Male,Yes,1,Not Graduate,Yes,570,2125.0,68.0,360.0,1.0,Rural,N,4.219507705176107
Male,Yes,0,Graduate,No,2600,700.0,96.0,360.0,1.0,Semiurban,N,4.564348191467836
Male,No,2,Not Graduate,No,2733,1083.0,180.0,360.0,1.0,Semiurban,N,5.19295685089021
Male,Yes,2,Graduate,Yes,7500,0.0,183.0,360.0,1.0,Rural,N,5.209486152841421
Male,Yes,2,Not Graduate,No,3859,0.0,121.0,360.0,1.0,Rural,N,4.795790545596741
Male,Yes,1,Graduate,No,6825,0.0,162.0,360.0,1.0,Rural,N,5.087596335232384
Male,Yes,0,Graduate,No,3708,4700.0,132.0,360.0,1.0,Semiurban,N,4.882801922586371
Male,No,0,Graduate,No,5314,0.0,147.0,360.0,1.0,Urban,N,4.990432586778736
Female,No,3+,Graduate,No,2366,5272.0,153.0,360.0,0.0,Rural,N,5.030437921392435
Male,No,0,Graduate,No,2066,2108.0,104.0,84.0,1.0,Urban,N,4.6443908991413725
Male,Yes,2,Graduate,No,5000,0.0,149.0,360.0,1.0,Rural,N,5.003946305945459
Female,No,0,Graduate,No,3767,0.0,134.0,300.0,1.0,Urban,N,4.897839799950911
Female,Yes,0,Graduate,No,7859,879.0,165.0,180.0,1.0,Semiurban,N,5.10594547390058
Female,Yes,0,Graduate,No,4283,0.0,120.0,360.0,1.0,Rural,N,4.787491742782046
Male,Yes,0,Not Graduate,No,1700,2900.0,67.0,360.0,0.0,Urban,N,4.204692619390966
Male,No,0,Not Graduate,No,4768,0.0,125.0,360.0,1.0,Rural,N,4.8283137373023015
Male,No,0,Graduate,No,3083,2738.0,120.0,360.0,1.0,Urban,N,4.787491742782046
Male,Yes,1,Graduate,No,2667,1542.0,148.0,360.0,1.0,Rural,N,4.997212273764115
Female,Yes,0,Not Graduate,No,1647,1762.0,181.0,360.0,1.0,Urban,N,5.198497031265826
Male,Yes,3+,Graduate,No,3400,0.0,80.0,120.0,1.0,Urban,N,4.382026634673881
Male,No,1,Graduate,No,16000,5000.0,40.0,360.0,1.0,Semiurban,N,3.6888794541139363
Male,Yes,0,Graduate,No,5333,0.0,90.0,360.0,1.0,Rural,N,4.499809670330265
Male,No,0,Graduate,No,2875,2416.0,95.0,6.0,0.0,Semiurban,N,4.553876891600541
Male,Yes,1,Not Graduate,No,2600,618.0,122.0,360.0,1.0,Semiurban,N,4.804021044733257
Male,Yes,2,Graduate,No,5041,700.0,150.0,360.0,1.0,Urban,N,5.0106352940962555
Male,Yes,3+,Graduate,Yes,6958,1411.0,150.0,360.0,1.0,Rural,N,5.0106352940962555
Male,Yes,1,Graduate,No,3500,1658.0,104.0,360.0,1.0,Semiurban,N,4.6443908991413725
Male,Yes,0,Graduate,No,5509,0.0,143.0,360.0,1.0,Rural,N,4.962844630259907
Male,Yes,3+,Graduate,No,9699,0.0,300.0,360.0,1.0,Urban,N,5.703782474656201
Female,Yes,1,Not Graduate,No,3621,2717.0,171.0,360.0,1.0,Urban,N,5.14166355650266
Female,Yes,0,Graduate,No,4709,0.0,113.0,360.0,1.0,Semiurban,N,4.727387818712341
Male,Yes,0,Graduate,No,1516,1951.0,35.0,360.0,1.0,Semiurban,N,3.5553480614894135
Male,No,2,Graduate,No,2400,0.0,46.0,360.0,1.0,Urban,N,3.828641396489095
Female,No,0,Not Graduate,No,3015,2000.0,145.0,360.0,1.0,Urban,N,4.976733742420574
Male,Yes,0,Graduate,No,2292,1558.0,119.0,360.0,1.0,Urban,N,4.77912349311153
Male,Yes,1,Graduate,Yes,2360,3355.0,87.0,240.0,1.0,Rural,N,4.465908118654584
Female,No,0,Graduate,No,4333,2333.0,162.0,360.0,0.0,Rural,N,5.087596335232384
Male,Yes,0,Graduate,Yes,2623,4831.0,122.0,180.0,1.0,Semiurban,N,4.804021044733257
Male,No,0,Graduate,Yes,3972,4275.0,187.0,360.0,1.0,Rural,N,5.231108616854587
Male,Yes,3+,Not Graduate,No,3522,0.0,81.0,180.0,1.0,Rural,N,4.394449154672439
Male,Yes,1,Graduate,No,4700,0.0,80.0,360.0,1.0,Urban,N,4.382026634673881
Male,No,0,Graduate,No,6858,0.0,176.0,360.0,1.0,Rural,N,5.170483995038151
Male,Yes,3+,Graduate,No,8334,0.0,260.0,360.0,1.0,Urban,N,5.560681631015528
Male,Yes,0,Graduate,No,3391,1966.0,133.0,360.0,0.0,Rural,N,4.890349128221754
Male,No,0,Not Graduate,No,2868,0.0,70.0,360.0,1.0,Urban,N,4.248495242049359
Male,Yes,2,Not Graduate,No,3418,1380.0,135.0,360.0,1.0,Urban,N,4.90527477843843
Male,Yes,0,Graduate,Yes,2500,296.0,137.0,300.0,1.0,Rural,N,4.919980925828125
Male,Yes,2,Graduate,No,8667,0.0,254.0,360.0,1.0,Rural,N,5.537334267018537
Male,No,0,Graduate,No,2283,15000.0,106.0,360.0,1.0,Rural,N,4.663439094112067
Male,Yes,0,Graduate,No,5817,910.0,109.0,360.0,1.0,Urban,N,4.6913478822291435
Male,Yes,0,Graduate,No,5119,3769.0,120.0,360.0,1.0,Rural,N,4.787491742782046
Male,Yes,3+,Not Graduate,No,5316,187.0,158.0,180.0,0.0,Semiurban,N,5.062595033026967
Male,Yes,3+,Graduate,No,7603,1213.0,197.0,360.0,1.0,Urban,N,5.2832037287379885
Male,Yes,1,Graduate,No,3791,1936.0,85.0,360.0,1.0,Urban,N,4.442651256490317
Male,No,0,Graduate,No,2500,0.0,60.0,360.0,1.0,Urban,N,4.0943445622221
Male,Yes,2,Not Graduate,No,3132,0.0,76.0,360.0,1.0,Rural,N,4.330733340286331
Male,No,0,Graduate,No,4000,2667.0,152.0,360.0,1.0,Semiurban,N,5.0238805208462765
Female,Yes,0,Graduate,No,8550,4255.0,96.0,360.0,1.0,Urban,N,4.564348191467836
Male,Yes,1,Graduate,No,2269,2167.0,99.0,360.0,1.0,Semiurban,N,4.59511985013459
Male,Yes,3+,Not Graduate,Yes,4009,1777.0,113.0,360.0,1.0,Urban,N,4.727387818712341
Male,Yes,0,Graduate,No,4158,709.0,115.0,360.0,1.0,Urban,N,4.74493212836325
Male,No,0,Graduate,No,3250,1993.0,126.0,360.0,1.0,Semiurban,N,4.836281906951478
Male,Yes,0,Graduate,No,5000,2393.0,158.0,360.0,1.0,Rural,N,5.062595033026967
Male,No,0,Graduate,Yes,9200,0.0,98.0,180.0,1.0,Rural,N,4.584967478670572
